reason,dapp_sector,name,dapp_category,volume_per_user,robust_z,governance_type,token_type,users,volume,research_comments_excerpt,tx_per_user,tvl_to_mcap
high_volume_per_user (sector=collectibles),collectibles,ZetaHub,NFT marketplace,2.0331460367007628,92.79147232322185,TEAM_CONTROLLED,,428002,870190.57,"Early-stage Web3 community/engagement hub; no public DAO, token governance, or multisig structure identified; roadmap and upgrades appear fully team-driven.",,
high_volume_per_user (sector=collectibles),collectibles,Sweep,NFT marketplace,1.902548982309302,86.78778126960026,TEAM_CONTROLLED,UTILITY,5257,10001.7,NFT launcher; materials emphasize community but no binding governance—operator controls backend/policies,,
high_volume_per_user (sector=collectibles),collectibles,TON Station,NFT marketplace,11.577524890020838,531.5571259672415,TEAM_CONTROLLED,REWARD,4319,50003.33,Telegram game/store on TON with $SOON/MRSOON; no public governance—company sets policies,,
high_volume_per_user (sector=collectibles),collectibles,BOSS FIGHTERS,NFT marketplace,5.217670097916144,239.18756605940342,TEAM_CONTROLLED,REWARD,3983,20781.98,Web3 game with BFTOKEN; governance messaging exists but no binding DAO; studio controls economy,,
high_volume_per_user (sector=collectibles),collectibles,Phi Protocol,NFT marketplace,6.406833205226748,293.8547095254229,SNAPSHOT_OFFCHAIN,UTILITY,3903,25005.87,PHI token on Base used for governance/participation; team executes protocol changes → semi,,
high_volume_per_user (sector=collectibles),collectibles,HAiO,NFT marketplace,0.19713005701873473,8.387786781566778,TEAM_CONTROLLED,REWARD,3683,726.03,AI x music agent app; token exists; no credible DAO docs—execution centralized,,
high_volume_per_user (sector=collectibles),collectibles,Morkie,NFT marketplace,0.4352009536784741,19.33216924917935,TEAM_CONTROLLED,UTILITY,2936,1277.75,"NFT project/site; no DAO docs; platform, mints and rules operator-run",,
high_volume_per_user (sector=collectibles),collectibles,Hello Pixel,NFT marketplace,1.070726774082962,48.54799421618893,TEAM_CONTROLLED,REWARD,2917,3123.31,Telegram wallet/mini-app with PIXEL rewards; no DAO/governance over ops → centralized,,
high_volume_per_user (sector=collectibles),collectibles,Cambria: Duel Arena,NFT marketplace,3191.449096671949,146713.7707764237,TEAM_CONTROLLED,,2524,8055217.52,Ronin/Abstract PvP title; no governance docs; economy and rules run by studio,,
high_volume_per_user (sector=collectibles),collectibles,Puush.fun,NFT marketplace,757.742806722689,34833.60052147845,TEAM_CONTROLLED,UTILITY,2380,1803427.88,Fair-launch platform with operator-set rules; no binding token governance or DAO process disclosed,,
high_volume_per_user (sector=collectibles),collectibles,Thrive on Mars,NFT marketplace,0.3604039115646258,15.893666484559333,TEAM_CONTROLLED,REWARD,2352,847.67,NFT/game economy references Martia Token staking and rewards mechanics; no binding governance (DAO/timelock) evidenced—game economy and policies remain studio-operated despite on-chain assets.,,
high_volume_per_user (sector=collectibles),collectibles,Ebisu's Bay,NFT marketplace,433.3542181622783,19921.098274686465,SNAPSHOT_OFFCHAIN,UTILITY,1861,806472.2,Ebisu’s Bay runs gamified DAO elements (Fortune→Mitama) for community voting; marketplace ops by team,,
high_volume_per_user (sector=collectibles),collectibles,Micro3,NFT marketplace,0.15621720561317878,6.506977745664461,TEAM_CONTROLLED,UTILITY,1639,256.04,SocialFi mint-to-earn app; token present but no binding governance—team runs infra → semi,,
high_volume_per_user (sector=collectibles),collectibles,SpaceFi,DEX,108.74404682274248,4998.409622428684,SNAPSHOT_OFFCHAIN,UTILITY,1495,162572.35,"SPACE is governance/utility; proposals possible, execution by core team → semi",,
high_volume_per_user (sector=collectibles),collectibles,Roach Racing Club,NFT marketplace,15.109785561115082,693.9390563172306,SNAPSHOT_OFFCHAIN,REWARD,1399,21138.59,$RRC docs mention governance votes; studio still runs game economy/updates → semi,,
high_volume_per_user (sector=collectibles),collectibles,CorgiAI,NFT marketplace,29.148286163522016,1339.3044580536023,TEAM_CONTROLLED,SPECULATIVE,1272,37076.62,Meme/AI project with token used for “governance” per third-party notes; no credible binding DAO → semi,,
high_volume_per_user (sector=collectibles),collectibles,Apeiron,NFT marketplace,9.995562080536912,458.83254568695503,SNAPSHOT_OFFCHAIN,GOVERNANCE,1192,11914.71,APRS is governance token for game/treasury; studio executes development and marketplace ops → semi,,
high_volume_per_user (sector=collectibles),collectibles,Robots Farm,NFT marketplace,3.280445804195804,150.131222367262,TEAM_CONTROLLED,REWARD,1144,3752.83,Gamified trading with RBF token; contracts handle rewards but rules/treasury set by operator,,
high_volume_per_user (sector=collectibles),collectibles,NFTs2Me,NFT marketplace,0.3486084452975048,15.35141585240541,NONE,,1042,363.25,No-code NFT tooling; docs + ecosystem pages state no token and no formal governance,,
high_volume_per_user (sector=defi),defi,PancakeSwap V3,DEX,129661.28784927346,49.2161106688855,SNAPSHOT_OFFCHAIN,UTILITY,627839,81406413302.0,Same governance surface as PancakeSwap broadly: CAKE-based off-chain voting framework and documented voting guides; execution remains operator-dependent rather than purely on-chain binding control.,,
high_volume_per_user (sector=defi),defi,1inch Network,DEX,35109.42228295537,12.834680038076321,MULTISIG_WITH_COMMUNITY_INPUT,UTILITY,363704,12769437322.0,"Off-chain Snapshot with on-chain execution guarded by DAO multisig; strong, but not fully autonomous",,
high_volume_per_user (sector=defi),defi,Pendle,Derivatives,25286.708893605242,9.055120918427761,ONCHAIN_TOKEN_GOVERNANCE,GOVERNANCE,270925,6850801607.0,ePENDLE on-chain governance with timelock; core immutable components; broad tokenholder control → decentralized,,
high_volume_per_user (sector=defi),defi,Helix,DEX,29092.322381499427,10.519435369424855,TEAM_CONTROLLED,,100105,2912286932.0,"Helix DEX protocol is decentralized, but product ops and listings are team-run",,
high_volume_per_user (sector=defi),defi,DLN,Bridge/Router,11285.574036306589,3.667799224535446,MULTISIG_WITH_COMMUNITY_INPUT,UTILITY,89240,1007124627.0,deBridge/DBR: staking + forum governance; governance multisig custodies ecosystem funds,,
high_volume_per_user (sector=defi),defi,Across,Bridge/Router,24226.286170036987,8.647094111915175,SNAPSHOT_OFFCHAIN,UTILITY,78677,1906051517.0,ACX holders vote via forum+Snapshot with oSnap optimistic execution; team/foundation still steers operations,,
high_volume_per_user (sector=defi),defi,Jito,Derivatives,102905.01097015176,38.920897291696974,ONCHAIN_TOKEN_GOVERNANCE,GOVERNANCE,29717,3058028211.0,JTO tokenholders govern via DAO with foundation bylaws; on-chain proposals/JIPs define protocol direction → decentralized,,
high_volume_per_user (sector=defi),defi,Socket,DEX,12028.75554870319,3.9537587503196563,MULTISIG_WITH_COMMUNITY_INPUT,,29187,351083288.2,"Cross-chain infrastructure powering routing/bridges (e.g., Bungee); upgrades and ops controlled by operator multisigs; community/partners provide input but execution is gated.",,
high_volume_per_user (sector=defi),defi,Etherex,DEX,47142.422508633885,17.464707805048082,ONCHAIN_TOKEN_GOVERNANCE,GOVERNANCE,28087,1324089221.0,REX→xREX gauge voting allocates emissions on-chain; team still upgrades/operates frontends → semi,,
high_volume_per_user (sector=defi),defi,Morpho,Lending,8935426.17307784,3437.476325359789,ONCHAIN_TOKEN_GOVERNANCE,GOVERNANCE,20979,187456305685.0,MORPHO token governs protocol parameters/fees via on-chain process under foundation-backed DAO,,
high_volume_per_user (sector=defi),defi,Moonwell,Lending,113132.91772343911,42.856365701700106,ONCHAIN_TOKEN_GOVERNANCE,GOVERNANCE,16481,1864543617.0,Uses a mix of on-chain proposals and Snapshot; Moonwell Foundation oversees governance and ops → community input with foundation execution,,
high_volume_per_user (sector=defi),defi,SynFutures,DEX,83550.93871479572,31.473885718054007,TEAM_CONTROLLED,UTILITY,15126,1263791499.0,"Team indicates transition toward DAO via F token, but today governance remains team-led.",,
high_volume_per_user (sector=defi),defi,Maple,Lending,2679963.055950613,1030.5148540419714,SNAPSHOT_OFFCHAIN,UTILITY,12797,34295487227.0,Maple DAO governs via Snapshot/stSYRUP; Maple Foundation stewards execution,,
high_volume_per_user (sector=defi),defi,Venus Protocol,DAO Tooling,36115.86159574468,13.221935242646362,ONCHAIN_TOKEN_GOVERNANCE,GOVERNANCE,11280,407386918.8,DeFi lending protocol on BNB Chain; XVS token holders vote on binding on-chain proposals affecting protocol parameters; DAO controls core contracts with timelock and transparent execution.,,
high_volume_per_user (sector=defi),defi,SaucerSwap,DEX,113811.025606469,43.11728635893826,ONCHAIN_TOKEN_GOVERNANCE,GOVERNANCE,9646,1097821153.0,SAUCE/xSAUCE voting recorded via Hedera Consensus Service; execution still team/multisig → semi,,
high_volume_per_user (sector=defi),defi,Ethena,Payments/RWA,98049.09407952549,37.05244972117936,HYBRID,UTILITY,9104,892638952.5,"ENA governs by electing committees (risk, etc.); delegated expert governance with community oversight → semi",,
high_volume_per_user (sector=defi),defi,Etherfi,Yield Aggregator,124243.59934075926,47.13150601860925,SNAPSHOT_OFFCHAIN,UTILITY,8798,1093095187.0,ETHFI DAO proposals live; community votes with foundation execution → semi,,
high_volume_per_user (sector=defi),defi,THORChain,DEX,58278.50918494941,21.749623417092607,HYBRID,GOVERNANCE,8797,512676045.3,Protocol changes via validator/node consensus (TIPS; 67% node upgrades) → decentralized without token voting,,
high_volume_per_user (sector=defi),defi,Symbiosis,DEX,15700.880581590964,5.36670984706941,SNAPSHOT_OFFCHAIN,UTILITY,8322,130662728.2,veSIS (voting-escrow) governs via DAO proposals; execution/multisigs by team → semi,,
high_volume_per_user (sector=defi),defi,KernelDAO,DAO Tooling,60751.802649006626,22.701291097611495,SNAPSHOT_OFFCHAIN,UTILITY,8154,495370198.8,Snapshot process for KERNEL token; DAO stewards treasury/services; execution via DAO multisig,,
high_volume_per_user (sector=defi),defi,Meson,DEX,68748.7309041502,25.778329174348336,MULTISIG_WITH_COMMUNITY_INPUT,UTILITY,8096,556589725.4,"Cross-chain stablecoin liquidity protocol; MESON token exists; upgrades and parameters executed via multisig with public documentation and community discussion, but not fully DAO-owned timelock governance.",,
high_volume_per_user (sector=defi),defi,Mendi,DEX,54377.88711664841,20.248751801869307,SNAPSHOT_OFFCHAIN,UTILITY,7304,397176087.5,"Lending protocol on Linea; positioned as permissionless/non-custodial and references tokenholder governance (incl. ve-style voting language), but execution appears to still rely on operator/foundation action rather than clearly binding DAO-",,
high_volume_per_user (sector=defi),defi,LIDO,Derivatives,72354.0339994371,27.165568692877173,ONCHAIN_TOKEN_GOVERNANCE,GOVERNANCE,7106,514147765.6,Lido DAO uses Snapshot + Aragon on-chain votes; execution plus key ops via DAO/foundation multisigs,,
high_volume_per_user (sector=defi),defi,Wormhole,Bridge/Router,21899.034427495655,7.751620000171593,MULTISIG_WITH_COMMUNITY_INPUT,UTILITY,5179,113415099.3,W token staking for governance; Wormhole Foundation/Guardians execute via multisigs and programs,,
high_volume_per_user (sector=defi),defi,YEI,DEX,605538.2342779504,232.32285331853646,SNAPSHOT_OFFCHAIN,UTILITY,5152,3119732983.0,"Yei Finance is described as non-custodial DeFi on Sei with tokenholder governance narratives around CLO; however, I didn’t find clear evidence of binding on-chain governor/timelock execution—so treated as signalling/off-chain governance wit",,
high_volume_per_user (sector=defi),defi,Compound,Lending,32712.238452404512,11.912297632207103,DAO_WITH_TIMELOCK,GOVERNANCE,5053,165294940.9,COMP token with Governor Bravo + Timelock executes proposals on-chain; broadly distributed governance,,
high_volume_per_user (sector=defi),defi,Nostra,Lending,24812.018680182042,8.872470803939358,SNAPSHOT_OFFCHAIN,UTILITY,4834,119941298.3,NSTR token grants governance voting; company operates super-app/infra today,,
high_volume_per_user (sector=defi),defi,Fluid,Yield Aggregator,443793.61910721735,170.08716435041563,SNAPSHOT_OFFCHAIN,UTILITY,4794,2127546610.0,INST/Fluid forum + tokenholder proposals; execution by Instadapp team; smart contracts non-custodial but ops centralized,,
high_volume_per_user (sector=defi),defi,Save (formerly Solend),Lending,10924.556191247973,3.5288876799792797,MULTISIG_WITH_COMMUNITY_INPUT,UTILITY,4319,47183158.19,"Solana lending protocol with DAO voting via Solana governance tooling (Realms) and token-based voting power; however, historical governance showed reliance on trusted actors/operational intervention risk—best fit is DAO input with gated exe",,
high_volume_per_user (sector=exchanges),exchanges,Uniswap V4,DEX,46725.84204923366,5.816673092058886,DAO_WITH_TIMELOCK,GOVERNANCE,1440031,67286661052.0,Core protocol under Uniswap DAO with timelock; hooks are community-built; decentralized execution for protocol changes,,
high_volume_per_user (sector=exchanges),exchanges,PancakeSwap V2,DEX,69636.32288792363,9.000136612506617,SNAPSHOT_OFFCHAIN,UTILITY,867239,60391335025.0,Governance is run through off-chain voting mechanics tied to CAKE (Snapshot-style vote accounting); execution still depends on operator-controlled signers/ops rather than purely automatic binding governance.,,
high_volume_per_user (sector=exchanges),exchanges,DragonSwap,DEX,66471.7592566467,8.560413284601042,TEAM_CONTROLLED,,77971,5182869541.0,Sei/Kaia-ecosystem DEX; “community-driven” marketing but no binding governance process,,
high_volume_per_user (sector=exchanges),exchanges,ODOS,DEX,51113.99068609055,6.426416344769034,SNAPSHOT_OFFCHAIN,UTILITY,58622,2996404362.0,ODOS announces DAO for proposals/voting; aggregator infra and execution remain team-operated,,
high_volume_per_user (sector=exchanges),exchanges,Mento,DEX,31254.536135286988,3.666899879636307,ONCHAIN_TOKEN_GOVERNANCE,GOVERNANCE,54462,1702184547.0,Mento spun out from Celo with own token/DAO; on-chain control of protocol moving to Mento Governance,,
high_volume_per_user (sector=exchanges),exchanges,CoW Swap,DEX,667498.1344875688,92.07439772893524,SNAPSHOT_OFFCHAIN,UTILITY,36561,24404399295.0,CoW DAO uses Snapshot with oSnap for optimistic on-chain execution; DAO stewards protocol; multisigs execute → semi,,
high_volume_per_user (sector=exchanges),exchanges,Velora,DEX,176897.0237640885,23.90425542263159,SNAPSHOT_OFFCHAIN,"GOVERNANCE, UTILITY",33538,5932772383.0,"Velora (ex-ParaSwap) migrating to VLR governance; DAO + foundation structure, but company still operates core infra → semi.",,
high_volume_per_user (sector=exchanges),exchanges,Merchant Moe,DEX,1735171.3361233822,240.4300220869964,ONCHAIN_TOKEN_GOVERNANCE,GOVERNANCE,12903,22388915750.0,MOE with veMOE/sMOE staking governs gauges/fees on-chain; product and listings controlled by team,,
high_volume_per_user (sector=exchanges),exchanges,ParaSwap,DEX,62485.6955488194,8.006540649042057,SNAPSHOT_OFFCHAIN,UTILITY,12536,783320679.4,ParaSwap (rebranded to Velora) uses DAO voting; Blur/Velora Foundation facilitates execution.,,
high_volume_per_user (sector=exchanges),exchanges,Let's F***ing Joe (Trader Joe),DEX,34333.45206957288,4.094722264872846,SNAPSHOT_OFFCHAIN,UTILITY,9084,311885078.6,Trader Joe uses JOE governance (LFJ brand); execution by team/multisig → semi,,
high_volume_per_user (sector=exchanges),exchanges,Balancer,DEX,3677187.351121892,510.2775727954319,MULTISIG_WITH_COMMUNITY_INPUT,GOVERNANCE,8245,30318409710.0,veBAL Snapshot voting + Balancer Foundation; on-chain execution guarded by multisigs,,
high_volume_per_user (sector=exchanges),exchanges,SushiSwap V3,DEX,34662.08402959766,4.140386424597743,SNAPSHOT_OFFCHAIN,GOVERNANCE,6487,224852939.1,Sushi V3 follows Sushi DAO: Snapshot voting with core-team execution permissions; advisory-to-binding via set rules,,
high_volume_per_user (sector=exchanges),exchanges,Tokenlon,DEX,82441.57701540957,10.779455853858916,SNAPSHOT_OFFCHAIN,UTILITY,6165,508252322.3,LON holders vote (Snapshot→on-chain phases per litepaper); imToken/Tokenlon entities execute and operate the product,,
high_volume_per_user (sector=exchanges),exchanges,Lynex,DEX,60289.38947071011,7.701358914593643,ONCHAIN_TOKEN_GOVERNANCE,GOVERNANCE,5309,320076368.7,veLYNX (vote-escrow) governs gauge emissions on-chain; core infra still team-operated,,
high_volume_per_user (sector=exchanges),exchanges,ETH2 Deposit Contract,Infrastructure,621056.2776960784,85.62119589705168,NONE,,4080,2533909613.0,"Ethereum staking deposit contract is a canonical, immutable contract address used for validator deposits; it is not “governed” by a DAO and is validated socially via Ethereum Foundation + block explorer references.",,
high_volume_per_user (sector=exchanges),exchanges,AGNI Finance,DEX,80889.81659388647,10.563835207169957,ONCHAIN_TOKEN_GOVERNANCE,GOVERNANCE,3206,259332752.0,"Mantle DEX using ve(3,3)-style emissions voting mechanics; community can vote on emissions/incentives, but protocol operations and upgrade control still typically rely on team-defined parameters (no clear DAO-owned timelock confirmed from t",,
high_volume_per_user (sector=exchanges),exchanges,Ekubo,DEX,1406389.0478036175,194.74497390294667,ONCHAIN_TOKEN_GOVERNANCE,GOVERNANCE,3096,4354180492.0,EKUBO token with on-chain proposals/votes on Starknet; community can submit and pass binding changes; company builds apps but governance power sits with tokenholders,,
high_volume_per_user (sector=exchanges),exchanges,INIT Capital,Analytics,51624.052867203216,6.497290647153385,TEAM_CONTROLLED,,1988,102628617.1,Money-market “liquidity hook” app; materials don’t expose a binding DAO for INIT Capital product,,
high_volume_per_user (sector=exchanges),exchanges,Curve,DEX,765510.8742138365,105.69349126322672,DAO_WITH_TIMELOCK,GOVERNANCE,1908,1460594748.0,Mature DeFi DEX governed by Curve DAO: veCRV mechanics and DAO governance widely documented; active tokenholder governance with executable control paths and ongoing proposal activity.,,
high_volume_per_user (sector=exchanges),exchanges,Oku,DEX,206210.70259887006,27.977457896106344,TEAM_CONTROLLED,,1770,364992943.6,Recognized third-party Uniswap front-end; non-custodial swaps but ops/upgrades by Oku/GFX → semi,,
high_volume_per_user (sector=gambling),gambling,Polymarket,Casino,3992.530006880073,5.8054163334089735,TEAM_CONTROLLED,,215114,858849099.9,Company-operated prediction market; no token/DAO; relies on external UMA governance for oracle,,
high_volume_per_user (sector=gambling),gambling,Trade signal,NFT marketplace,1645484.6038903624,2669.9635522495687,NONE,,1131,1861043087.0,Gambling signal site,,
high_volume_per_user (sector=games),games,KGeN,NFT marketplace,0.9411022222941281,43473.95674385506,HYBRID,UTILITY,6057299,5700537.55,Gaming/reward distribution protocol; token used for ecosystem incentives and governance-style participation; operated via a foundation-led setup with partial decentralised elements.,,
high_volume_per_user (sector=games),games,World of Dypians,NFT marketplace,0.10955384368692508,5060.2135128087275,SNAPSHOT_OFFCHAIN,REWARD,3779236,414029.83,"Token-holder voting exists, but execution and game ops remain with the studio",,
high_volume_per_user (sector=games),games,DragonLand,NFT Gaming,0.00026182195039609323,11.420480200205702,TEAM_CONTROLLED,REWARD,1273690,333.48,P2E/token utility but no DAO mechanics; game ops/treasury controlled by team,,
high_volume_per_user (sector=games),games,Sugar Senpai,NFT Gaming,0.00028243642025171326,12.372774705552805,TEAM_CONTROLLED,,1228064,346.85,nan,,
high_volume_per_user (sector=games),games,Archer Hunter,NFT Gaming,0.00042245823629952206,18.841144107480392,TEAM_CONTROLLED,REWARD,1149084,485.44,"Mobile RPG transitioning deeper into Web3 on Sei; Nika Labs acquired IP and introduced $FASTER for in-game utility + ecosystem privileges (incl. governance mentions), but no evidence of binding on-chain governance controlling upgrades/treas",,
high_volume_per_user (sector=games),games,IDLE Glory,NFT Gaming,0.0002056412055230317,8.82518597126688,TEAM_CONTROLLED,REWARD,1066226,219.26,P2E game token tracked as IGL; no clear public DAO / binding governance surfaced; project direction and ops appear team-led.,,
high_volume_per_user (sector=games),games,motoDEX,DEX,3.3889414909228126,156552.96880743536,TEAM_CONTROLLED,,954040,3233185.74,Blockchain racing/NFT game across multiple chains; no formal governance mechanism or DAO execution path clearly documented in the surfaced third-party descriptions.,,
high_volume_per_user (sector=games),games,Sweat Economy,NFT marketplace,0.1932472955134016,8926.469345051613,HYBRID,REWARD,831766,160736.53,"SWEAT DAO uses a non-token “one-person, one-vote” governance model; foundation retains executor powers (including the ability to withhold execution in edge cases), so community influence exists but trusted actors still gate execution.",,
high_volume_per_user (sector=games),games,Karat Galaxy,NFT Gaming,0.6116570351722567,28255.091368877875,TEAM_CONTROLLED,REWARD,693558,424219.63,"Game/DeFi-style ecosystem referencing KARAT (staking/rewards + governance language appears in community materials), but no strong evidence of binding on-chain governance owning core upgrade authority.",,
high_volume_per_user (sector=games),games,FishWar,NFT Gaming,1.5423219578484069,71247.56696446861,TEAM_CONTROLLED,REWARD,560738,864838.53,"Token has “platform governance voting,” but no evidence of binding on-chain DAO; team likely executes",,
high_volume_per_user (sector=games),games,WorldShards,Payments/RWA,0.1765156455470366,8153.543412929397,TEAM_CONTROLLED,REWARD,520148,91814.26,Claims future player governance; currently studio-run with tokenized assets,,
high_volume_per_user (sector=games),games,My Guardian Base,NFT Gaming,0.0007195427446969648,32.565093690083955,NONE,,463461,333.48,No governance disclosed; standard mobile/Web3 hybrid run by developer,,
high_volume_per_user (sector=games),games,PlayEmber,NFT Gaming,0.008046092833256054,371.01829871311014,TEAM_CONTROLLED,REWARD,386047,3106.17,Web3/mobile studio; no DAO governance disclosed,,
high_volume_per_user (sector=games),games,SF Legends,Payments/RWA,0.0021925875613403255,100.61304713464334,NONE,,379848,832.85,Traditional online shooter monetization; no blockchain governance model shown,,
high_volume_per_user (sector=games),games,Alien Worlds,NFT marketplace,1.8887984970895089,87253.2031443886,HYBRID,REWARD,375538,709315.61,Multiple planetary DAOs with elected councils and on-chain processes; studio provides framework while DAOs govern resources,,
high_volume_per_user (sector=games),games,Candy Dreams,NFT Gaming,0.00019164315690485212,8.178539956208683,TEAM_CONTROLLED,,356235,68.27,Telegram match “mining” game; no governance/DAO evidence,,
high_volume_per_user (sector=games),games,PLAYZAP GAMES,NFT Gaming,0.0025574517492934915,117.46810883738253,TEAM_CONTROLLED,REWARD,228235,583.7,Utility token for games; no binding DAO; smart contracts handle rewards but ops centralized → semi,,
high_volume_per_user (sector=games),games,Axie Infinity,DEX,64.64486710506841,2986297.405160162,SNAPSHOT_OFFCHAIN,REWARD,189172,12228998.8,"AXS governance + new Foundation; community votes influence treasury, but Sky Mavis/foundation execute",,
high_volume_per_user (sector=games),games,CZ RUNZ,NFT marketplace,0.009717363176555594,448.2233675807835,TEAM_CONTROLLED,,119022,1156.58,Telegram runner game; no DAO disclosures; ops fully team-run,,
high_volume_per_user (sector=games),games,Age of Dino,NFT Gaming,0.001531556769501932,70.07643885212032,SNAPSHOT_OFFCHAIN,REWARD,85671,131.21,$AOD provides governance/staking; studio executes updates and economy changes,,
high_volume_per_user (sector=games),games,Arena of Faith,NFT Gaming,0.0032921365858345646,151.40719812272548,TEAM_CONTROLLED,REWARD,83259,274.1,RPG-style GameFi project; AOF token used for in-game economy; no binding governance or DAO control over upgrades or treasury identified.,,
high_volume_per_user (sector=games),games,Miner's Rush,NFT Gaming,0.04784400637660873,2209.500425930246,NONE,,77157,3691.5,Match-3/Telegram-style game; no DAO or token governance—studio controls ops,,
high_volume_per_user (sector=games),games,Bit Hotel,NFT marketplace,53.19919885439042,2457559.7242260613,SNAPSHOT_OFFCHAIN,REWARD,76815,4086496.46,Token exists but no credible binding DAO; game operations and contracts controlled by team,,
high_volume_per_user (sector=games),games,Pixels,NFT Gaming,18.84760707171315,870672.8271249004,SNAPSHOT_OFFCHAIN,REWARD,56224,1059687.86,PIXEL token + staking; community influence; game ops by Pixels studio on Ronin,,
high_volume_per_user (sector=games),games,Wild West Shooting,NFT Gaming,9.745044580355169e-05,3.827266222091225,TEAM_CONTROLLED,,54284,5.29,"Casual shooter-style Web3 game; no DAO, Snapshot, or binding governance identified; content and updates are studio-controlled.",,
high_volume_per_user (sector=games),games,Nine Chronicles,NFT marketplace,15.231306519037396,703616.2319218009,HYBRID,REWARD,44255,674061.47,Fully open-source RPG using Libplanet; validator/node consensus governs game state; NCG token used for in-game economy; foundation/team still coordinates ecosystem tooling.,,
high_volume_per_user (sector=games),games,SeiBound,NFT Gaming,0.0005841431681801285,26.310250677075036,TEAM_CONTROLLED,,37662,22.0,Indie Sei roguelike with no public DAO/ Snapshot; game rules and treasury controlled by AltLab team → centralized.,,
high_volume_per_user (sector=games),games,Sunflower Land,NFT Gaming,0.0008575308977319027,38.93951713432025,TEAM_CONTROLLED,REWARD,36815,31.57,FLOWER (prev. SFL) token economy; community input exists but studio controls upgrades and content → semi,,
high_volume_per_user (sector=games),games,Anome,Payments/RWA,17.858692429557543,824989.4801080797,TEAM_CONTROLLED,REWARD,35348,631269.06,Site mentions DAO launch; token exists but execution appears team-led today → semi,,
high_volume_per_user (sector=games),games,RavenQuest,NFT Gaming,0.028189876864429853,1301.5692652981575,TEAM_CONTROLLED,,33053,931.76,MMORPG with no public DAO docs; studio controls economy and updates → centralized.,,
high_volume_per_user (sector=games),games,SuperWalk,NFT marketplace,21.63818175300233,999584.6523799138,SNAPSHOT_OFFCHAIN,REWARD,27895,603597.08,GRND is governance token; votes/community input exist while app infra remains company-run,,
high_volume_per_user (sector=games),games,Crypto Run,NFT Gaming,0.0008375827688560773,38.01800454372479,TEAM_CONTROLLED,,26278,22.01,Web game run by studio; no public DAO or binding governance.,,
high_volume_per_user (sector=games),games,Harvest Moon ~ Meteor Wallet,Payments/RWA,0.20027265881979944,9251.009094150517,TEAM_CONTROLLED,,25233,5053.48,Meteor wallet campaign/game; no DAO docs—ops and contracts controlled by team.,,
high_volume_per_user (sector=games),games,Dypius,NFT Gaming,0.0017745078544442233,81.29967111950685,SNAPSHOT_OFFCHAIN,REWARD,25145,44.62,DYP governance page + proposals; studio executes roadmap and game/platform ops.,,
high_volume_per_user (sector=games),games,OnChainGM,NFT Gaming,0.6711883398445885,31005.166181990302,TEAM_CONTROLLED,,23293,15633.99,Social “GM” dapp; materials cite community governance ethos but execution remains team-led,,
high_volume_per_user (sector=games),games,Boxing Star X,NFT Gaming,0.0020350430696945967,93.33521002349256,TEAM_CONTROLLED,,20432,41.58,Telegram/LINE boxing game by Delabs; no public DAO—studio controls economy and updates,,
high_volume_per_user (sector=games),games,Taco Studios,NFT Gaming,4.413260332619792,203871.8283999177,TEAM_CONTROLLED,REWARD,18219,80405.19,"Web3 gaming publisher/ecosystem; includes DeFi components like “Taco Swap”, but governance execution appears centrally managed; token presence exists (TACO) without proof of binding protocol governance.",,
high_volume_per_user (sector=games),games,Gatto,NFT Gaming,1.553893166506256,71782.10403974977,TEAM_CONTROLLED,,14546,22602.93,Telegram mini-app game with no published DAO or tokenholder control,,
high_volume_per_user (sector=games),games,Football Fun,NFT marketplace,2195.9196237305473,101441472.54836707,NONE,,13687,30055551.89,Fantasy sports game on Base; no native governance token; ops run by company,,
high_volume_per_user (sector=games),games,Lingo,Payments/RWA,10.89691229163421,503386.98345345067,TEAM_CONTROLLED,REWARD,12838,139894.56,oken used for rewards; materials point to future DAO—present execution is company-run.,,
high_volume_per_user (sector=games),games,DeFi Kingdoms,DEX,37.707080684596576,1741894.50884044,SNAPSHOT_OFFCHAIN,REWARD,10225,385554.9,JEWEL holders vote via Snapshot (cJEWEL/sJEWEL); team executes game ops and upgrades → semi,,
high_volume_per_user (sector=games),games,My Neighbor Alice,NFT marketplace,0.00296789270473481,136.42860936801463,SNAPSHOT_OFFCHAIN,REWARD,9842,29.21,"ALICE token confers governance rights, but studio controls development and execution → semi",,
high_volume_per_user (sector=games),games,GOAT Gaming,NFT Gaming,0.30120113195681797,13913.44431924327,NONE,REWARD,9541,2873.76,Telegram gaming platform without governance mechanism; operator sets rules/rewards → centralized,,
high_volume_per_user (sector=games),games,GMonchain,NFT Gaming,0.46186834673039323,21335.53699928308,SNAPSHOT_OFFCHAIN,REWARD,9206,4251.96,Materials mention governance feature; execution/team control today → semi,,
high_volume_per_user (sector=games),games,Guild of Guardians,NFT Gaming,0.00015358744394618836,6.420539551569508,TEAM_CONTROLLED,REWARD,8920,1.37,GOG token issued by company; no binding DAO over game ops → centralized,,
high_volume_per_user (sector=games),games,LiveArt,NFT marketplace,0.028026509572901325,1294.022441384389,SNAPSHOT_OFFCHAIN,UTILITY,8827,247.39,ART token with governance/DAO messaging; marketplace/backend remain company-run → semi,,
high_volume_per_user (sector=games),games,Planet IX,NFT Gaming,66.94298790416377,3092460.1066475236,SNAPSHOT_OFFCHAIN,REWARD,8598,575575.81,IXT governance/DAO outlined; team/foundation still operate core systems → semi,,
high_volume_per_user (sector=games),games,Roro Birds,NFT Gaming,0.002329002206423143,106.91478168668793,TEAM_CONTROLLED,,8158,19.0,Web3 game—no governance/DAO evidence; rules and economy set by studio,,
high_volume_per_user (sector=games),games,WcoinGame,Casino,40.83713690384319,1886488.8331132738,NONE,REWARD,6479,264583.81,Telegram casual casino/slots product; no community governance mechanism; fully operator-run iGaming with “provably fair”/payments claims but no DAO/governor structure.,,
high_volume_per_user (sector=games),games,Iskra,NFT marketplace,5.547655195125968,256275.69820712993,SNAPSHOT_OFFCHAIN,REWARD,6073,33690.91,ISK staking confers governance; DAO “down the line”; studio currently executes → semi,,
high_volume_per_user (sector=games),games,PROSPECTORS,NFT Gaming,0.10828613138686131,5001.65098531387,SNAPSHOT_OFFCHAIN,REWARD,3425,370.88,WAX/EOS game with staked-token voting (“state” rules) but dev team runs platform → semi.,,
high_volume_per_user (sector=games),games,Star Atlas,NFT marketplace,1.003179172056921,46341.62875200518,ONCHAIN_TOKEN_GOVERNANCE,GOVERNANCE,3092,3101.83,POLIS ve-model with locked voting power and on-chain execution; Star Atlas Foundation supports but decisions are DAO-driven,,
high_volume_per_user (sector=high-risk),high-risk,Cluster Yield,Yield Aggregator,752.8578289205702,3.6148603185351593,TEAM_CONTROLLED,SPECULATIVE,2455,1848265.97,Yield tool/site with token; no clear DAO mechanics; operator controls strategies → centralized,,
high_volume_per_user (sector=high-risk),high-risk,Flip Crypto,Casino,14762.784606413996,83.43554050077393,NONE,,1715,25318175.6,"Dice-style “high-risk” dApp listing (DappRadar points to dicetime page). No governance framework, DAO, or token-linked protocol control evidenced; treated as a centrally operated gambling-style app.",,
high_volume_per_user (sector=marketplaces),marketplaces,OpenSea,NFT marketplace,367.75518992046887,22.97344189109841,TEAM_CONTROLLED,,441211,162257635.1,Marketplace infra and policies remain company-run; a foundation will handle token but not core ops,,
high_volume_per_user (sector=marketplaces),marketplaces,Magic Eden,NFT marketplace,318.3596650449102,19.79713728968644,SNAPSHOT_OFFCHAIN,UTILITY,37408,11909198.35,$ME token and ME Foundation enable voting; marketplace infra/policies still company-run → semi.,,
high_volume_per_user (sector=marketplaces),marketplaces,Zora,NFT marketplace,81.97659187272522,4.596880891880098,NONE,UTILITY,26651,2184758.15,"$ZORA explicitly positioned for engagement (no governance rights); protocol is open, marketplace/policy by company/foundation → semi",,
high_volume_per_user (sector=marketplaces),marketplaces,Blur,Lending,11853.10956918642,761.521803420113,SNAPSHOT_OFFCHAIN,GOVERNANCE,12488,148021632.3,BLUR token governs marketplace/Blend via DAO; Blur Foundation supports execution,,
high_volume_per_user (sector=marketplaces),marketplaces,Element Market,NFT marketplace,1462.5714807783577,93.3739494494942,TEAM_CONTROLLED,,8428,12326552.44,"NFT marketplace operations, listings, and fee policy run by company; no credible DAO docs",,
high_volume_per_user (sector=marketplaces),marketplaces,xrp.cafe,NFT marketplace,557.7663860738803,35.19182479486033,TEAM_CONTROLLED,,6118,3412414.75,"NFT marketplace on XRPL; underlying ledger is decentralised, but marketplace UX/policy/features are operator-controlled; no native governance token for xrp.cafe identified.",,
high_volume_per_user (sector=marketplaces),marketplaces,objkt,NFT marketplace,104.99702904853018,6.077175325682234,TEAM_CONTROLLED,,5749,603627.92,"Largest Tezos NFT marketplace; Tezos contracts are open/permissionless, but objkt platform governance and ops are centrally run (no native objkt governance token surfaced).",,
high_volume_per_user (sector=marketplaces),marketplaces,XPmarket,DEX,7423.106042194093,476.65711937219737,TEAM_CONTROLLED,UTILITY,4740,35185522.64,XRPL analytics/DEX front-end with project-issued token; no binding DAO docs; platform rules set by company.,,
high_volume_per_user (sector=marketplaces),marketplaces,XOXNO Network,NFT marketplace,532.6490528179404,33.576692626571216,TEAM_CONTROLLED,UTILITY,3389,1805147.64,"MultiversX/Sui marketplace + DeFi suite; underlying chains/contracts are permissionless, but product governance appears centrally operated (no on-chain DAO owner/timelock evidenced in the surfaced docs).",,
high_volume_per_user (sector=marketplaces),marketplaces,bidds,NFT marketplace,1330.4319067000627,84.87691377205402,TEAM_CONTROLLED,,3194,4249399.51,"NFT marketplace for XRPL/Coreum/Xahau; settlement is on-chain, but marketplace ops/policies are centrally run; no DAO governance token indicated.",,
high_volume_per_user (sector=marketplaces),marketplaces,OKX NFT Marketplace,NFT marketplace,1856.2469707317073,118.68865707436775,TEAM_CONTROLLED,,2050,3805306.29,Centralized marketplace by OKX with platform terms/policies; no community governance over ops,,
high_volume_per_user (sector=marketplaces),marketplaces,Reservoir,Lending,1169.406238306253,74.52240144015303,TEAM_CONTROLLED,,2031,2375064.07,"Developer-facing NFT trading/data infrastructure (aggregates major marketplaces; provides APIs/SDKs). Open-source marketplace reference exists, but no token/DAO governance—platform direction is centrally operated.",,
high_volume_per_user (sector=marketplaces),marketplaces,Rarible,NFT marketplace,95.02450870010236,5.435907470948713,SNAPSHOT_OFFCHAIN,UTILITY,1954,185677.89,RARI DAO governs protocol/treasury via proposals/Snapshot; RARI Foundation supports execution,,
high_volume_per_user (sector=marketplaces),marketplaces,Sologenic,DEX,8720.47898277718,560.0827262728839,TEAM_CONTROLLED,UTILITY,1858,16202649.95,XRPL DEX/NFT suite; SOLO is utility token—no binding DAO controlling platform policies,,
high_volume_per_user (sector=other),other,ChainGPT,Privacy/Security,17.023745842640853,16.737076536585523,SNAPSHOT_OFFCHAIN,UTILITY,20145,342943.36,ChainGPT runs a Snapshot-based DAO for CGPT stakers; execution remains team/multisig.,,
high_volume_per_user (sector=other),other,RubyScore,DAO Tooling,5.38171395604972,4.8298188091460625,NONE,,19067,102613.14,Analytics/reputation protocol; docs note no governance process or token at present,,
high_volume_per_user (sector=other),other,Helio,Payments/RWA,168.59570692238538,171.7621118921965,TEAM_CONTROLLED,,16685,2813019.37,No public DAO; payment gateway fully operated by Helio (now part of MoonPay); on-chain settlement but platform parameters set by company,,
high_volume_per_user (sector=other),other,Ethereum Name Service,Privacy/Security,36.42703751065644,36.582409112752366,DAO_WITH_TIMELOCK,GOVERNANCE,11730,427289.15,ENS DAO governs treasury/protocol with timelock; ENS Foundation provides legal wrapper—highly decentralized execution,,
high_volume_per_user (sector=other),other,Mint Club,SocialFi,953.4341080657792,974.4805039943044,TEAM_CONTROLLED,UTILITY,6385,6087676.78,Built under HUNT; token/issuance documented but no binding DAO—team steers roadmap → partially decentralized via on-chain mechanics only,,
high_volume_per_user (sector=other),other,Dropee,NFT Gaming,4.667421432754246,4.0992534533288945,TEAM_CONTROLLED,REWARD,5123,23911.2,"Telegram mini-app game with a single ecosystem token ($DROPEE); token launch/airdrop-driven design, with no DAO or binding governance—game rules and distribution remain operator-controlled.",,
high_volume_per_user (sector=other),other,Venice,Infrastructure,3716.7256024222174,3800.7246098226133,SNAPSHOT_OFFCHAIN,UTILITY,4789,17799398.91,Venice positions VVV as an access/utility token for inference capacity and also references governance utility; no verified binding on-chain governor/timelock execution was found—so treated as token + operator-led execution.,,
high_volume_per_user (sector=other),other,Edelweis,DAO Tooling,905.581505981703,925.5377359711409,SNAPSHOT_OFFCHAIN,UTILITY,4263,3860493.96,EDC token cited for governance/parameters; platform ops centralized → semi,,
high_volume_per_user (sector=other),other,TradeOS,Infrastructure,7.197085987261147,6.686548189153719,TEAM_CONTROLLED,,2512,18079.08,"Decentralised P2P trading + escrow positioning; still operated and built by a core team/company (Bounty Bay Labs referenced in third-party material), with no binding DAO governance evidenced.",,
high_volume_per_user (sector=other),other,TriviAgent,NFT Gaming,9.211190751445088,8.746537781247518,TEAM_CONTROLLED,REWARD,1730,15935.36,AI trivia game with a token; no binding DAO—app logic/treasury controlled by team → centralized.,,
high_volume_per_user (sector=other),other,Flap,SocialFi,110.57031333930169,112.41479839396862,TEAM_CONTROLLED,SPECULATIVE,1117,123507.04,"EVM social-token launch platform; docs describe protocol aims, but governance/execution centralized today",,
high_volume_per_user (sector=other),other,IoTAI,DEX,259.6375974614687,264.87809587182954,TEAM_CONTROLLED,UTILITY,1103,286380.27,DEX aggregator with IOTAI token; no binding DAO shown; on-chain routing -> semi,,
high_volume_per_user (sector=other),other,aixbt,DAO Tooling,20.71169172932331,20.509040278426497,TEAM_CONTROLLED,UTILITY,1064,22037.24,Virtuals “AI agent” product with token; no DAO governance of platform operations,,
high_volume_per_user (sector=other),other,Holyheld,Payments/RWA,452.48978825794035,462.1237967498487,NONE,,1039,470136.89,On-chain debit card/IBAN app run under corporate terms; no community governance,,
high_volume_per_user (sector=social),social,Layer3,Social Network,3.601268812365317,4.271433849148901,SNAPSHOT_OFFCHAIN,UTILITY,115549,416123.01,Layer3 Foundation sets governance; L3 used for parameter votes; foundation retains strong discretion,,
high_volume_per_user (sector=social),social,The Arena,SocialFi,205.92497431140288,282.14007283466134,SNAPSHOT_OFFCHAIN,GOVERNANCE,42042,8657497.77,SocialFi app with $ARENA token and airdrop; governance voting exists but execution/bylaws handled by team,,
high_volume_per_user (sector=social),social,CARV,SocialFi,191.31331342009815,262.0726155133837,SNAPSHOT_OFFCHAIN,GOVERNANCE,9374,1793371.0,CARV DAO + token voting; foundation/company still runs core products → semi.,,
high_volume_per_user (sector=social),social,Alt.town,SocialFi,4.554603830266617,5.580731260779805,SNAPSHOT_OFFCHAIN,GOVERNANCE,7989,36386.73,TOWN token as governance; decisions advisory with execution by core team,,
high_volume_per_user (sector=social),social,Common,Social Network,41.73411152416357,56.64256395889475,TEAM_CONTROLLED,"GOVERNANCE, UTILITY",4035,168397.14,“DAO/launch a token/manage a DAO” platform with own token; company operates core protocol/app today,,
high_volume_per_user (sector=social),social,TaskOn,Social Network,15.803956043956044,21.030439348008425,TEAM_CONTROLLED,,3549,56088.24,Web3 campaign/task orchestration platform; core governance is not token/DAO-based—platform policies and ops remain centrally managed.,,
high_volume_per_user (sector=social),social,Arkada,SocialFi,6.879941554646406,8.774318621496436,TEAM_CONTROLLED,,3422,23543.16,Quest/entertainment hub; no governance mechanism disclosed; company controls listings/rewards,,
high_volume_per_user (sector=social),social,GMGN,NFT marketplace,1270.0326064016883,1743.5710936520936,TEAM_CONTROLLED,,2843,3610702.7,Trading/copy-trading “meme sniper” interface/tooling; no protocol DAO governance identified—service is centrally operated with ToS and product control.,,
high_volume_per_user (sector=social),social,FanX Protocol,Payments/RWA,9468.975647703906,13003.888506221541,TEAM_CONTROLLED,,1459,13815235.47,nan,,
high_volume_per_user (sector=social),social,UXLINK,SocialFi,38.95573043478261,52.82677297194564,TEAM_CONTROLLED,SPECULATIVE,1150,44799.09,ocial infra + DApp suite; token-holder governance mentioned but execution remains team-run; non-custodial pieces push it to semi,,
high_tx_per_user (sector=collectibles),collectibles,P-Link,NFT marketplace,,4.754516038476326,TEAM_CONTROLLED,,1101137,0.0,Solana payment-link gateway (send URL/QR to request payment); functions as an app/service layer without a clearly documented native governance/utility token for the dapp itself.,30.0466999110919,
high_tx_per_user (sector=collectibles),collectibles,Pixel Heroes Adventure,NFT marketplace,,3.5614379335969018,TEAM_CONTROLLED,"GOVERNANCE, UTILITY",3135,0.0,"Web3 RPG; sources indicate the game is fuelled by ADVTR and MGOLD tokens, but governance appears studio-led (no binding DAO/timelock evidenced).",23.80956937799043,
high_tx_per_user (sector=collectibles),collectibles,Hello Pixel,NFT marketplace,,33.33374849023319,TEAM_CONTROLLED,REWARD,2917,3123.31,Telegram wallet/mini-app with PIXEL rewards; no DAO/governance over ops → centralized,179.45217689406925,
high_tx_per_user (sector=collectibles),collectibles,Cambria: Duel Arena,NFT marketplace,,18.191408626670132,TEAM_CONTROLLED,,2524,8055217.52,Ronin/Abstract PvP title; no governance docs; economy and rules run by studio,100.29160063391443,
high_tx_per_user (sector=collectibles),collectibles,Thrive on Mars,NFT marketplace,,67.36064114235415,TEAM_CONTROLLED,REWARD,2352,847.67,NFT/game economy references Martia Token staking and rewards mechanics; no binding governance (DAO/timelock) evidenced—game economy and policies remain studio-operated despite on-chain assets.,357.33673469387753,
high_tx_per_user (sector=collectibles),collectibles,2184,NFT marketplace,,12.610762990803758,TEAM_CONTROLLED,,2225,50.69,FSL’s “2184” is a studio game initiative; no token/DAO governance for game ops,71.11730337078652,
high_tx_per_user (sector=collectibles),collectibles,Roach Racing Club,NFT marketplace,,9.35122296409857,SNAPSHOT_OFFCHAIN,REWARD,1399,21138.59,$RRC docs mention governance votes; studio still runs game economy/updates → semi,54.077197998570405,
high_tx_per_user (sector=defi),defi,Pump.fun,DEX,,9.162758193242047,TEAM_CONTROLLED,UTILITY,7076435,900054226.7,Memecoin launchpad on Solana; charges trading fees; token (PUMP) exists and is tracked on major token trackers.,36.763739086135885,
high_tx_per_user (sector=defi),defi,Jupiter Exchange,DEX,,6.818085121269506,ONCHAIN_TOKEN_GOVERNANCE,GOVERNANCE,3044937,373654909.7,"Solana DEX aggregator / DeFi superapp; JUP token used for governance via Jup DAO voting portal. Sources: jup.ag, vote.jup.ag, CoinMarketCap.",28.31771232048479,
high_tx_per_user (sector=defi),defi,HOT Protocol,Bridge/Router,,5.673435238066499,HYBRID,UTILITY,2080513,34186086.87,MPC/chain-signature oriented protocol; token exists; governance is not purely onchain-token-controlled and appears split between team + community processes.,24.194432334717447,
high_tx_per_user (sector=defi),defi,PancakeSwap V3,DEX,,5.894280103484283,SNAPSHOT_OFFCHAIN,UTILITY,627839,81406413302.0,Same governance surface as PancakeSwap broadly: CAKE-based off-chain voting framework and documented voting guides; execution remains operator-dependent rather than purely on-chain binding control.,24.989963987582804,
high_tx_per_user (sector=defi),defi,Helix,DEX,,2344.652718930157,TEAM_CONTROLLED,,100105,2912286932.0,"Helix DEX protocol is decentralized, but product ops and listings are team-run",8449.710923530292,
high_tx_per_user (sector=defi),defi,NFTMining - By Pentagon Games,NFT Gaming,,3.726603083162333,NONE,,41192,0.0,"NFT-themed utility concept; no governance, DAO, or upgrade authority documented; limited transparency on ownership/control.",17.18151582831618,
high_tx_per_user (sector=defi),defi,Etherex,DEX,,5.011773101903343,ONCHAIN_TOKEN_GOVERNANCE,GOVERNANCE,28087,1324089221.0,REX→xREX gauge voting allocates emissions on-chain; team still upgrades/operates frontends → semi,21.810980168761347,
high_tx_per_user (sector=defi),defi,xPortal,Yield Aggregator,,5.274206193017266,TEAM_CONTROLLED,UTILITY,21869,46.31,"MultiversX “super app” wallet; non-custodial access to dApps/swaps, but product governance is centrally managed by the operator team (no public DAO for xPortal itself).",22.756321733961315,
high_tx_per_user (sector=defi),defi,Ronin Staking,DAO Tooling,,10.933270894170978,MULTISIG_WITH_COMMUNITY_INPUT,UTILITY,21595,7705425.33,Ronin has governing + standard validators; staking/validator set influenced by token/DPoS; core governance and key ops managed by foundation/governing validators,43.14151423940727,
high_tx_per_user (sector=defi),defi,Rhea Finance,DEX,,15.270600929404052,MULTISIG_WITH_COMMUNITY_INPUT,UTILITY,18949,116230066.3,NEAR-based DAO (Sputnik) with council-created proposals and community voting; DAO stewards treasury/upgrades,58.76552852393266,
high_tx_per_user (sector=defi),defi,BloomBot,DEX,,25.44568506296158,TEAM_CONTROLLED,,13642,45475311.32,"Trading bot product (Telegram/extension) described as non-custodial, but governance and operations are centrally managed; no protocol DAO or binding community governance surfaced.",95.41841372232811,
high_tx_per_user (sector=defi),defi,Drift Protocol V2,DEX,,1654.6918178081046,ONCHAIN_TOKEN_GOVERNANCE,GOVERNANCE,11854,22829.06,DRIFT token + Drift DAO for protocol changes; binding governance with broad tokenholder participation.,5964.320398177831,
high_tx_per_user (sector=defi),defi,SaucerSwap,DEX,,20.553925220949644,ONCHAIN_TOKEN_GOVERNANCE,GOVERNANCE,9646,1097821153.0,SAUCE/xSAUCE voting recorded via Hedera Consensus Service; execution still team/multisig → semi,77.79722164627825,
high_tx_per_user (sector=defi),defi,Magnetic,DEX,,4.141822570102281,TEAM_CONTROLLED,UTILITY,9248,42065349.68,XRPL/Xahau DEX/platform; whitepaper/site show no community governance → centralized,18.677227508650518,
high_tx_per_user (sector=defi),defi,UntitledBank,Analytics,,5.524244921039617,TEAM_CONTROLLED,,9015,3964849.44,"Experimental DeFi/fintech-style app branding as “bank”; no DAO, Snapshot voting, or on-chain governance documented; operational control remains with the team.",23.657016084303937,
high_tx_per_user (sector=defi),defi,Velodrome,DEX,,9.783526301357353,ONCHAIN_TOKEN_GOVERNANCE,"UTILITY, GOVERNANCE",8474,10217708.51,eVELO locks govern gauges/fees on-chain; community controls emissions while contributors facilitate.,38.99988199197546,
high_tx_per_user (sector=defi),defi,First Ledger,DEX,,33.768493281708196,TEAM_CONTROLLED,,8356,0.0,"Web3 tooling/ledger-style application; no DAO, governance token, or decentralized execution evidenced; centrally operated service.",125.39899473432264,
high_tx_per_user (sector=defi),defi,Alcor.exchange,DEX,,11.272008100419198,TEAM_CONTROLLED,,8349,351368.22,WAX/EOS orderbook DEX; docs show tech but no DAO voting—operations by team,44.36171996646305,
high_tx_per_user (sector=defi),defi,Tea-Fi,Wallet,,33.130862266654326,SNAPSHOT_OFFCHAIN,GOVERNANCE,6689,1850776.58,TEA token grants voting via ve/lock; execution centralized by core team today.,123.10210793840633,
high_tx_per_user (sector=defi),defi,Superp,DEX,,8.792021755437217,SNAPSHOT_OFFCHAIN,GOVERNANCE,5130,1445129.73,SUP confers voting/utility; operations and risk controls remain team-led,35.428265107212475,
high_tx_per_user (sector=defi),defi,Nostra,Lending,,7.11775434248541,SNAPSHOT_OFFCHAIN,UTILITY,4834,119941298.3,NSTR token grants governance voting; company operates super-app/infra today,29.39718659495242,
high_tx_per_user (sector=defi),defi,Fulcrom Finance,Derivatives,,6.4165157000015896,SNAPSHOT_OFFCHAIN,UTILITY,2220,6368102.46,FUL token governs parameters via votes; exchange infra and listings remain team-run,26.87117117117117,
high_tx_per_user (sector=exchanges),exchanges,Aerodrome,DEX,,5.7609924053944725,ONCHAIN_TOKEN_GOVERNANCE,GOVERNANCE,22914,83480065.78,veAERO locking governs gauges/fees on-chain; contributors/team facilitate but control sits with veAERO voters,49.60273195426377,
high_tx_per_user (sector=exchanges),exchanges,Merchant Moe,DEX,,13.714567447776037,ONCHAIN_TOKEN_GOVERNANCE,GOVERNANCE,12903,22388915750.0,MOE with veMOE/sMOE staking governs gauges/fees on-chain; product and listings controlled by team,109.26443462760598,
high_tx_per_user (sector=exchanges),exchanges,VVS Finance,DEX,,4.921233412512621,SNAPSHOT_OFFCHAIN,UTILITY,11730,349102135.7,"Community incentives and votes exist, but execution remains team-controlled on Cronos",43.30349531116794,
high_tx_per_user (sector=exchanges),exchanges,xExchange,DEX,,9.27113107845907,ONCHAIN_TOKEN_GOVERNANCE,GOVERNANCE,6102,14646614.22,xMEX governance portal with on-chain proposals; MultiversX/xExchange still operates infra and listings,75.93313667649952,
high_tx_per_user (sector=exchanges),exchanges,AGNI Finance,DEX,,66.12019472503772,ONCHAIN_TOKEN_GOVERNANCE,GOVERNANCE,3206,259332752.0,"Mantle DEX using ve(3,3)-style emissions voting mechanics; community can vote on emissions/incentives, but protocol operations and upgrade control still typically rely on team-defined parameters (no clear DAO-owned timelock confirmed from t",502.37180286961944,
high_tx_per_user (sector=exchanges),exchanges,Ekubo,DEX,,44.94889419862434,ONCHAIN_TOKEN_GOVERNANCE,GOVERNANCE,3096,4354180492.0,EKUBO token with on-chain proposals/votes on Starknet; community can submit and pass binding changes; company builds apps but governance power sits with tokenholders,343.5607235142119,
high_tx_per_user (sector=exchanges),exchanges,WOOFi,DEX,,33.758017425310584,SNAPSHOT_OFFCHAIN,UTILITY,3033,14973139.79,WOO DAO stewards treasury; community votes but execution and product ops handled by foundation/company → semi,259.6152324431256,
high_tx_per_user (sector=exchanges),exchanges,FusionX Finance,DEX,,66.63101456514323,TEAM_CONTROLLED,UTILITY,3011,1335574.99,"Mantle-native DEX/perps ecosystem; non-custodial DeFi contracts, but protocol governance/ops appear team-operated (no binding DAO-owned timelock confirmed in surfaced sources).",506.20358684822315,
high_tx_per_user (sector=exchanges),exchanges,Ostium,Payments/RWA,,9.119069445670316,TEAM_CONTROLLED,,2901,58152240.52,"Arbitrum perps platform for RWAs; self-custodial and on-chain execution, but governance token/DAO control is described as future-oriented—current control is best treated as team-led.",74.79248534987936,
high_tx_per_user (sector=exchanges),exchanges,waveX,DEX,,12.644714107637434,TEAM_CONTROLLED,,2061,4364115.6,"Soneium perps DEX (liquidity-pool model). Product uses LP representations (e.g., WLP/WELP in app flows) but no public DAO/timelock governance was evidenced; governance/ops remain team-driven.",101.23920426977196,
high_tx_per_user (sector=exchanges),exchanges,Oku,DEX,,20.22158284527952,TEAM_CONTROLLED,,1770,364992943.6,Recognized third-party Uniswap front-end; non-custodial swaps but ops/upgrades by Oku/GFX → semi,158.07514124293786,
high_tx_per_user (sector=gambling),gambling,Solpump,NFT Gaming,,14.73116676567303,NONE,UTILITY,8648,11444777.06,Solana casino/games; no DAO governance—operator controls listings and rules → centralized,202.013644773358,
high_tx_per_user (sector=gambling),gambling,Solpot,Casino,,14.85188801914343,SNAPSHOT_OFFCHAIN,,6855,11574995.4,Lottery/raffle app on Solana; no DAO or governance token controlling ops,203.57651349380015,
high_tx_per_user (sector=gambling),gambling,Slotana Coin Flip,NFT Gaming,,5.195718801662274,TEAM_CONTROLLED,UTILITY,2738,289379.34,"Solana coin-flip; SLA token announced/future governance, but today rules/treasury controlled by team → centralized",78.56683710737765,
high_tx_per_user (sector=gambling),gambling,Gacha,NFT Gaming,,4.815314202824628,TEAM_CONTROLLED,REWARD,2400,1394212.29,"NFT “gacha” protocol framing: protocol/token narrative describes progressive decentralisation to $GACHA tokenholders over time, but no evidence of binding DAO/timelock execution live today—treat as team-controlled with on-chain components.",73.64208333333333,
high_tx_per_user (sector=gambling),gambling,Playw3,Casino,,312.37887981205944,TEAM_CONTROLLED,UTILITY,1851,0.0,"Web3 skill-games/iGaming platform; site positions GCOIN as the ecosystem utility token, but platform ToS and product controls indicate operator-managed governance rather than DAO-owned execution.",4055.388978930308,
high_tx_per_user (sector=gambling),gambling,Trade signal,NFT marketplace,,610.4325175057184,NONE,,1131,1861043087.0,Gambling signal site,7914.019451812555,
high_tx_per_user (sector=games),games,Alien Worlds,NFT marketplace,,129.60983669687684,HYBRID,REWARD,375538,709315.61,Multiple planetary DAOs with elected councils and on-chain processes; studio provides framework while DAOs govern resources,616.7712135656045,
high_tx_per_user (sector=games),games,Axie Infinity,DEX,,3.8076926765669157,SNAPSHOT_OFFCHAIN,REWARD,189172,12228998.8,"AXS governance + new Foundation; community votes influence treasury, but Sky Mavis/foundation execute",22.550044404034423,
high_tx_per_user (sector=games),games,Token Tails,NFT marketplace,,3.545782491175458,TEAM_CONTROLLED,,123938,0.0,"Casual Web3/NFT-based game; no DAO, Snapshot voting, or governance token identified; content, progression, and updates are studio-controlled.",21.31292259032742,
high_tx_per_user (sector=games),games,Bit Hotel,NFT marketplace,,30.971662050209716,SNAPSHOT_OFFCHAIN,REWARD,76815,4086496.46,Token exists but no credible binding DAO; game operations and contracts controlled by team,150.85791837531733,
high_tx_per_user (sector=games),games,Ragnarok Libre,NFT Gaming,,7.236086751633218,TEAM_CONTROLLED,,53952,0.0,RPG project with NFT elements; no evidence of DAO or token-governed execution; roadmap and ops remain team-led.,38.743920521945434,
high_tx_per_user (sector=games),games,Nine Chronicles,NFT marketplace,,40.446311068233825,HYBRID,REWARD,44255,674061.47,Fully open-source RPG using Libplanet; validator/node consensus governs game state; NCG token used for in-game economy; foundation/team still coordinates ecosystem tooling.,195.61102700259858,
high_tx_per_user (sector=games),games,SeiBound,NFT Gaming,,6.169397639187577,TEAM_CONTROLLED,,37662,22.0,Indie Sei roguelike with no public DAO/ Snapshot; game rules and treasury controlled by AltLab team → centralized.,33.70545908342626,
high_tx_per_user (sector=games),games,SuperWalk,NFT marketplace,,6.687777797428683,SNAPSHOT_OFFCHAIN,REWARD,27895,603597.08,GRND is governance token; votes/community input exist while app infra remains company-run,36.15400609428213,
high_tx_per_user (sector=games),games,Harvest Moon ~ Meteor Wallet,Payments/RWA,,7.732421445220632,TEAM_CONTROLLED,,25233,5053.48,Meteor wallet campaign/game; no DAO docs—ops and contracts controlled by team.,41.08833670193794,
high_tx_per_user (sector=games),games,Pirate Nation,NFT marketplace,,73.72513067227001,TEAM_CONTROLLED,REWARD,22612,0.0,Proof of Play game with PIRATE token; no DAO for game decisions; recent pivot confirmed team control.,352.80214045639485,
high_tx_per_user (sector=games),games,Taco Studios,NFT Gaming,,8.291141475214797,TEAM_CONTROLLED,REWARD,18219,80405.19,"Web3 gaming publisher/ecosystem; includes DeFi components like “Taco Swap”, but governance execution appears centrally managed; token presence exists (TACO) without proof of binding protocol governance.",43.72742741094462,
high_tx_per_user (sector=games),games,DeFi Kingdoms,DEX,,133.15753248886375,SNAPSHOT_OFFCHAIN,REWARD,10225,385554.9,JEWEL holders vote via Snapshot (cJEWEL/sJEWEL); team executes game ops and upgrades → semi,633.5286063569682,
high_tx_per_user (sector=games),games,My Neighbor Alice,NFT marketplace,,5.8483677000314795,SNAPSHOT_OFFCHAIN,REWARD,9842,29.21,"ALICE token confers governance rights, but studio controls development and execution → semi",32.189087583824424,
high_tx_per_user (sector=games),games,Tubbly,NFT Gaming,,5.832540202808359,TEAM_CONTROLLED,REWARD,6910,0.0,Move-to-earn walking app with on-chain reward claims; references a dedicated ERC-20 reward token ($TUCH) but no binding DAO governance for product execution; operator controls app rules and distribution programmes.,32.114327062228654,
high_tx_per_user (sector=games),games,Farmers World,NFT Gaming,,113.12958257852794,NONE,UTILITY,5966,0.0,"WAX NFT farming game with three main resource tokens FWW/FWF/FWG; no DAO/on-chain governance system documented for protocol upgrades—game economy and rules remain operator-driven, despite on-chain assets and tokens.",538.9274220583305,
high_tx_per_user (sector=games),games,PROSPECTORS,NFT Gaming,,10.776921425679529,SNAPSHOT_OFFCHAIN,REWARD,3425,370.88,WAX/EOS game with staked-token voting (“state” rules) but dev team runs platform → semi.,55.46890510948905,
high_tx_per_user (sector=games),games,Star Atlas,NFT marketplace,,3.5844299371999466,ONCHAIN_TOKEN_GOVERNANCE,GOVERNANCE,3092,3101.83,POLIS ve-model with locked voting power and on-chain execution; Star Atlas Foundation supports but decisions are DAO-driven,21.49547218628719,
high_tx_per_user (sector=high-risk),high-risk,KALE,Infrastructure,,797.2935985223727,NONE,SPECULATIVE,4250,0.0,"KALE appears as a mined Stellar asset / “mining contract” style distribution; no governance system is indicated, but issuance/participation is contract-driven and permissionless at the interaction layer.",6076.788235294118,
high_tx_per_user (sector=marketplaces),marketplaces,Magic Eden,NFT marketplace,,30.080098729116198,SNAPSHOT_OFFCHAIN,UTILITY,37408,11909198.35,$ME token and ME Foundation enable voting; marketplace infra/policies still company-run → semi.,225.06185842600513,
high_tx_per_user (sector=marketplaces),marketplaces,xrp.cafe,NFT marketplace,,6.949532010309686,TEAM_CONTROLLED,,6118,3412414.75,"NFT marketplace on XRPL; underlying ledger is decentralised, but marketplace UX/policy/features are operator-controlled; no native governance token for xrp.cafe identified.",56.74223602484472,
high_tx_per_user (sector=marketplaces),marketplaces,AtomicHub,NFT marketplace,,28.156805456724122,TEAM_CONTROLLED,,5878,35831.24,"NFT marketplace UI on WAX/AtomicAssets; trading is on-chain, but marketplace policy, UX, and operational decisions are centrally managed (no DAO / token governance for AtomicHub itself found).",211.06617897243962,
high_tx_per_user (sector=marketplaces),marketplaces,XPmarket,DEX,,5.36374006132367,TEAM_CONTROLLED,UTILITY,4740,35185522.64,XRPL analytics/DEX front-end with project-issued token; no binding DAO docs; platform rules set by company.,45.20253164556962,
high_tx_per_user (sector=marketplaces),marketplaces,NeftyBlocks,NFT marketplace,,6.975006185261471,SNAPSHOT_OFFCHAIN,UTILITY,3343,35759.35,NEFTY token adds staking/voting; marketplace infra and policies remain company-run → semi,56.92760993119952,
high_tx_per_user (sector=marketplaces),marketplaces,Moongate,NFT marketplace,,4.331213473521154,SNAPSHOT_OFFCHAIN,UTILITY,1559,0.0,Litepaper outlines MoonDAO with $MGT staking/votes; team operates product → semi.,37.68890314304041,
high_tx_per_user (sector=other),other,ChainOpera AI,Infrastructure,,5.746607486494151,SNAPSHOT_OFFCHAIN,,162072,88807.5,Whitepaper describes DAO voting via staked tokens; execution still team-led at present,15.880386494891159,
high_tx_per_user (sector=other),other,Exorde,DAO Tooling,,399.7644001782195,HYBRID,UTILITY,93982,0.0,Decentralized data collection network; governance blends token incentives with node/operator mechanisms; foundation/team still coordinates execution and upgrades.,906.80849524377,
high_tx_per_user (sector=other),other,CUDIS,Social Network,,14.814364521635351,TEAM_CONTROLLED,UTILITY,8371,2277.11,Wearables/health token project with token utility; no binding on-chain governance disclosed.,36.38382511050054,
high_tx_per_user (sector=other),other,Mint Club,SocialFi,,4.2799078583362045,TEAM_CONTROLLED,UTILITY,6385,6087676.78,Built under HUNT; token/issuance documented but no binding DAO—team steers roadmap → partially decentralized via on-chain mechanics only,12.563978073610024,
high_tx_per_user (sector=other),other,MiL.k,NFT Gaming,,19.006081090170753,TEAM_CONTROLLED,UTILITY,5531,0.0,Loyalty/points platform run by company; token utility but no public DAO controlling ops,45.86186946302658,
high_tx_per_user (sector=other),other,WORLD3,NFT Gaming,,11.997037438678625,SNAPSHOT_OFFCHAIN,REWARD,4308,2011.92,WORLD3 uses $WAI for participation/governance; execution still team-led → semi,30.01346332404828,
high_tx_per_user (sector=social),social,OpenChat,SocialFi,,54.531781363426624,ONCHAIN_TOKEN_GOVERNANCE,GOVERNANCE,5971,0.0,SNS DAO with CHAT token governs canisters and treasury on-chain → community-owned service,321.46039189415507,
high_tx_per_user (sector=social),social,XO,Social Network,,16.70517901737229,TEAM_CONTROLLED,REWARD,4917,0.0,Social “friend-making” app rewarding activity with $XOXO; governance (if any) is not evidenced as binding or DAO-owned—product remains centrally operated.,102.87756762253406,
high_tx_per_user (sector=social),social,SOMESING,SocialFi,,39.567576859132885,NONE,UTILITY,1822,0.32,K-pop karaoke app on Klaytn with SSX token; no public governance process—company controls product,234.98902305159166,
high_tx_per_user (sector=social),social,FanX Protocol,Payments/RWA,,9.726877295580428,TEAM_CONTROLLED,,1459,13815235.47,nan,62.553118574366,
high_tx_per_user (sector=social),social,Hanafuda,NFT Gaming,,31.759356993373427,TEAM_CONTROLLED,UTILITY,1220,588.04,Hana Network’s Hanafuda game: platform and rules set by team; no public DAO → centralized.,189.86885245901638,
extreme_tvl_to_mcap (sector=collectibles),collectibles,SpaceFi,DEX,,0.0,SNAPSHOT_OFFCHAIN,UTILITY,1495,162572.35,"SPACE is governance/utility; proposals possible, execution by core team → semi",,0.11089774920974811
extreme_tvl_to_mcap (sector=defi),defi,Pendle,Derivatives,,9.618880376306528,ONCHAIN_TOKEN_GOVERNANCE,GOVERNANCE,270925,6850801607.0,ePENDLE on-chain governance with timelock; core immutable components; broad tokenholder control → decentralized,,34.60088025773531
extreme_tvl_to_mcap (sector=defi),defi,ZeroLend,Lending,,5.8352368970984125,SNAPSHOT_OFFCHAIN,UTILITY,14689,32641133.41,“Zero Governance” staking and token suggest advisory votes; execution remains with core team,,21.882279547769436
extreme_tvl_to_mcap (sector=defi),defi,Maple,Lending,,2414.932120085236,SNAPSHOT_OFFCHAIN,UTILITY,12797,34295487227.0,Maple DAO governs via Snapshot/stSYRUP; Maple Foundation stewards execution,,8119.9870553460405
extreme_tvl_to_mcap (sector=defi),defi,KernelDAO,DAO Tooling,,14.773982033394438,SNAPSHOT_OFFCHAIN,UTILITY,8154,495370198.8,Snapshot process for KERNEL token; DAO stewards treasury/services; execution via DAO multisig,,51.929595279666216
extreme_tvl_to_mcap (sector=defi),defi,EigenLayer,DAO Tooling,,12.66859487252393,MULTISIG_WITH_COMMUNITY_INPUT,UTILITY,7386,344380.32,Governance currently via foundation-controlled multisigs with community input; roadmap to EigenGov,,44.85240135636216
extreme_tvl_to_mcap (sector=defi),defi,LIDO,Derivatives,,11.802779149778795,ONCHAIN_TOKEN_GOVERNANCE,GOVERNANCE,7106,514147765.6,Lido DAO uses Snapshot + Aragon on-chain votes; execution plus key ops via DAO/foundation multisigs,,41.941988542227094
extreme_tvl_to_mcap (sector=defi),defi,Nostra,Lending,,4.030685455168195,SNAPSHOT_OFFCHAIN,UTILITY,4834,119941298.3,NSTR token grants governance voting; company operates super-app/infra today,,15.816335603360818
extreme_tvl_to_mcap (sector=exchanges),exchanges,QuickSwap,DEX,,11.146938686460432,SNAPSHOT_OFFCHAIN,UTILITY,316853,1614665723.0,"Snapshot-based token voting; execution via team/multisig; protocol on Polygon with upgrade controls → semi (community votes, team executes)",,54.693357823995505
extreme_tvl_to_mcap (sector=exchanges),exchanges,ApeBond,DEX,,7.698638318270312,SNAPSHOT_OFFCHAIN,UTILITY,13957,241980531.2,Community votes (historically BANANA/GNANA → ABOND) via forum/Snapshot; team or multisig executes,,39.14490274815961
extreme_tvl_to_mcap (sector=exchanges),exchanges,BabySwap,DEX,,1611.6087749693165,SNAPSHOT_OFFCHAIN,UTILITY,4250,815305.62,BABY token + community features; team/multisig executes; AMM contracts non-custodial → semi,,7271.207670669321
extreme_tvl_to_mcap (sector=gambling),gambling,Overtime,Casino,,0.0,MULTISIG_WITH_COMMUNITY_INPUT,UTILITY,32296,24754606.67,Governed under Thales DAO/Council; community proposals with council execution; later introduced OVER token → semi.,,0.09481520340791862
extreme_tvl_to_mcap (sector=games),games,DeFi Kingdoms,DEX,,0.0,SNAPSHOT_OFFCHAIN,REWARD,10225,385554.9,JEWEL holders vote via Snapshot (cJEWEL/sJEWEL); team executes game ops and upgrades → semi,,0.15214266813195162
extreme_tvl_to_mcap (sector=marketplaces),marketplaces,NFTX,DEX,,0.0,ONCHAIN_TOKEN_GOVERNANCE,GOVERNANCE,410,1114891.98,NFTX tokenholders govern via DAO (Aragon) controlling upgradeable proxy; protocol non-custodial.,,3.189337021453098
extreme_tvl_to_mcap (sector=other),other,MorpheusAI,DAO Tooling,,0.0,TEAM_CONTROLLED,UTILITY,208,426360.88,"MOR token powers a P2P AI network; docs mention ecosystem and token, but no binding community governance",,2.887321824348567
extreme_tvl_to_mcap (sector=social),social,The Arena,SocialFi,,0.0,SNAPSHOT_OFFCHAIN,GOVERNANCE,42042,8657497.77,SocialFi app with $ARENA token and airdrop; governance voting exists but execution/bylaws handled by team,,0.30940180969021674
