id,name,slug,category,industry,status,chains,multi_chain,ownership_status,decentralisation_lvl,birth_date,capital_raised,showcase_fun,token_name,token_symbol,token_format,governance_type,website,twitter,discord,description,created_at,updated_at,tvl,users,volume,transactions,balance,change_1d,change_7d,market_cap,fees
32,Aave,aave,Cryptocurrency,Cryptocurrency,active,Ethereum,False,Decentralized,high,2020-10-02,0,True,Aave,AAVE,Native,,,,,Token on Ethereum platform,2025-05-29 17:56:48.336050,2025-06-12 23:12:41.132063,0.0,0.0,510243860.7051032,0.0,0.0,,18.95589435,,
4,AAVE V3,aave-v3,Lending,DeFi,active,"Ethereum,Arbitrum,Avalanche,Base,Sonic,Polygon,Binance,Optimism,xDai,Scroll,Linea,Metis,zkSync Era,Celo,Soneium,Fantom,Harmony",True,,medium,,0,False,AAVE V3,AAVE,ERC-20,,https://aave.com,aave,,"Earn interest, borrow assets, and build applications",2025-05-29 17:56:43.525906,2025-06-12 23:12:24.401114,,,,,,,,,
188,Aerodrome Slipstream,aerodrome-slipstream,Dexs,DeFi,active,Base,False,,medium,,0,False,Aerodrome Slipstream,AERO,ERC-20,,https://aerodrome.finance/,aerodromefi,,A central trading and liquidity marketplace on Base.,2025-05-30 17:56:28.085824,2025-06-12 23:12:24.401114,,,,,,,,,
472,Aptos,aptos,Cryptocurrency,Cryptocurrency,active,Bitcoin,False,Decentralized,high,2022-10-19,0,True,Aptos,APT,Native,,,,,,2025-06-12 23:12:41.132063,2025-06-12 23:12:41.242828,0.0,0.0,116912338.5682627,0.0,0.0,,3.23101275,,
486,Arbitrum,arbitrum,Cryptocurrency,Cryptocurrency,active,Arbitrum,False,Decentralized,high,2023-03-23,0,True,Arbitrum,ARB,Native,,,,,Token on Arbitrum platform,2025-06-12 23:12:41.132063,2025-06-12 23:12:41.288146,0.0,0.0,218987908.94575167,0.0,0.0,,13.78397369,,
22,Arbitrum Bridge,arbitrum-bridge,Chain,DeFi,active,Ethereum,False,,medium,,0,False,Arbitrum Bridge,ARB,ERC-20,,https://bridge.arbitrum.io,arbitrum,,"The Arbitrum Bridge acts as a secure channel connecting Ethereum's mainnet (Layer-1) with the Arbitrum Rollup (Layer-2). This bridge allows users to transfer assets, like ETH or ERC-20 tokens, between these layers",2025-05-29 17:56:43.525906,2025-06-12 23:12:24.401114,,,,,,,,,
488,Artificial Superintelligence Alliance,artificial-superintelligence-alliance,Cryptocurrency,Cryptocurrency,active,Bitcoin,False,Decentralized,high,2019-03-02,0,True,Artificial Superintelligence Alliance,FET,Native,,,,,,2025-06-12 23:12:41.132063,2025-06-12 23:12:41.293518,0.0,0.0,135719170.89859232,0.0,0.0,,-0.52037042,,
452,Avalanche,avalanche,Cryptocurrency,Cryptocurrency,active,Bitcoin,False,Decentralized,high,2020-07-13,0,True,Avalanche,AVAX,Native,,,,,,2025-06-12 23:12:41.132063,2025-06-12 23:12:41.181897,0.0,0.0,369230560.9246569,0.0,0.0,,7.23539071,,
187,Avalanche Core Bridge,avalanche-core-bridge,Chain,DeFi,active,"Bitcoin,Ethereum",True,,medium,,0,False,Avalanche Core Bridge,AVAX,ERC-20,,https://core.app/bridge/,coreapp,,"Native Bitcoin Bridge. ETH EVM support. No added fees or middlemen, ever.",2025-05-30 17:56:28.085824,2025-06-12 23:12:24.401114,,,,,,,,,
192,Axelar Cross Chain,axelar-cross-chain,Bridge,DeFi,active,"Binance,Arbitrum,Ethereum",True,,medium,,0,False,Axelar Cross Chain,AXL,ERC-20,,https://axelar.network,axelar,,"Axelar delivers secure cross-chain communication for Web3. Our infrastructure enables dApp users to interact with any asset or application, on any chain, with one click.",2025-05-30 17:56:28.085824,2025-06-12 23:12:24.401114,,,,,,,,,
197,B2 Buzz,b2-buzz,Chain,DeFi,active,"Bitcoin,Ethereum,Polygon,Binance",True,,medium,,0,False,B2 Buzz,-,ERC-20,,https://www.bsquared.network,BSquaredNetwork,,"Launched by B² Network, B² Buzz is a staking event where a user can deposit major cryptocurrency assets from Bitcoin, Ethereum, BNB Chain, and Polygon. By doing so, a user will receive a certain amount of Parts which can be used to assemble Mining Rigs. Mining Rigs are employed to mine B² native tokens.",2025-05-30 17:56:28.085824,2025-06-12 23:12:24.401114,,,,,,,,,
21,Babylon Protocol,babylon-protocol,Restaking,DeFi,active,Bitcoin,False,,medium,,0,False,Babylon Protocol,BABY,ERC-20,,https://babylonlabs.io,babylonlabs_io,,"Bitcoin holders can earn yields from their idle bitcoins in a secure way: no third-party trust, no bitcoin bridging to any other chain. Bitcoin holders simply lock their bitcoins in a self-custodial way to gain the rights to validate PoS chains and earn yields as a return. Powered by the fast unbonding and scalable restaking features of the protocol, bitcoin stakers can also enjoy maximal liquidity and yields.",2025-05-29 17:56:43.525906,2025-06-12 23:12:24.401114,,,,,,,,,
13,Base Bridge,base-bridge,Chain,DeFi,active,Ethereum,False,,medium,,0,False,Base Bridge,-,ERC-20,,https://bridge.base.org/deposit,BuildOnBase,,Base Bridge enables the transfer of certain digital assets and other data back and forth between Ethereum and Base.,2025-05-29 17:56:43.525906,2025-06-12 23:12:24.401114,,,,,,,,,
10,Binance Bitcoin,binance-bitcoin,Bridge,DeFi,active,Bitcoin,False,,medium,,0,False,Binance Bitcoin,-,ERC-20,,https://www.binance.com/en/collateral-btokens,binance,,Binance Bridge pegged BTC token,2025-05-29 17:56:43.525906,2025-06-12 23:12:24.401114,,,,,,,,,
1,Binance CEX,binance-cex,CEX,DeFi,active,"Bitcoin,Ethereum,Binance,Tron,Solana,Ripple,Doge,Base,Arbitrum,Avalanche,Litecoin,Polkadot,Hedera,Polygon,Optimism,Sonic,Near,TON,Aptos,Stellar,Algorand,Starknet,Chiliz,Celo,Op_Bnb,Scroll,Ronin,zkSync Era,Sui,Manta",True,,medium,,0,False,Binance CEX,-,ERC-20,,https://www.binance.com,binance,,Binance is a cryptocurrency exchange which is the largest exchange in the world in terms of daily trading volume of cryptocurrencies,2025-05-29 17:56:43.525906,2025-06-12 23:12:24.401114,,,,,,,,,
15,Binance staked ETH,binance-staked-eth,Liquid Staking,DeFi,active,"Ethereum,Binance",True,,medium,,0,False,Binance staked ETH,-,ERC-20,,https://www.binance.com/en/wbeth,binance,,A token created by depositing BETH into the BETH wrapper. Each WBETH represents 1 BETH (1:1 to staked ETH) plus all of its accrued ETH2.0 staking rewards,2025-05-29 17:56:43.525906,2025-06-12 23:12:24.401114,,,,,,,,,
153,Binance Staked SOL,binance-staked-sol,Liquid Staking,DeFi,active,Solana,False,,medium,,0,False,Binance Staked SOL,-,ERC-20,,https://www.binance.com/en/solana-staking,binance,,Stake SOL and get BNSOL as the tokenized representation on your staked SOL,2025-05-30 17:56:28.085824,2025-06-12 23:12:24.401114,,,,,,,,,
299,BingX,bingx,CEX,DeFi,active,"Bitcoin,Tron,Binance,Ethereum,Solana,Ripple,TON,Arbitrum",True,,medium,,0,False,BingX,-,ERC-20,,https://bingx.com,BingXOfficial,,Empowering Traders. Elevate your crypto trading game at BingX. ,2025-06-12 23:02:28.778438,2025-06-12 23:12:24.401114,,,,,,,,,
316,Bitcoin,bitcoin,Cryptocurrency,Cryptocurrency,active,Bitcoin,False,Decentralized,high,2010-07-13,0,True,Bitcoin,BTC,Native,,,,,,2025-06-12 23:10:34.772067,2025-06-12 23:12:41.132063,0.0,0.0,51937222294.15556,0.0,0.0,,5.06331278,,
453,Bitcoin Cash,bitcoin-cash,Cryptocurrency,Cryptocurrency,active,Bitcoin,False,Decentralized,high,2017-07-23,0,True,Bitcoin Cash,BCH,Native,,,,,,2025-06-12 23:12:41.132063,2025-06-12 23:12:41.185814,0.0,0.0,333894478.486183,0.0,0.0,,10.12736678,,
2,Bitfinex,bitfinex,CEX,DeFi,active,"Bitcoin,Ethereum,Tron,Solana,Avalanche,Polygon,Polkadot,Litecoin,Cosmos,EOS,Tezos,Aptos,Algorand,Near,Elrond,Zilliqa,Cardano,EthereumClassic,Fantom,Doge",True,,medium,,0,False,Bitfinex,-,ERC-20,,https://www.bitfinex.com,bitfinex,,"Bitfinex facilitates a graphical trading experience with advanced charting functionality that allows traders to visualise orders, positions and price alerts",2025-05-29 17:56:43.525906,2025-06-12 23:12:24.401114,,,,,,,,,
16,Bitget,bitget,CEX,DeFi,active,"Ethereum,Bitcoin,Tron,Solana,Ripple,Binance,TON,Arbitrum,Optimism,Polygon,Avalanche,Cronos,zkSync Era,Kava,Metis,Starknet,Fantom",True,,medium,,0,False,Bitget,-,ERC-20,,https://www.bitget.com,bitgetglobal,,Bitget is the leading crypto exchange platform for crypto derivatives trading.,2025-05-29 17:56:43.525906,2025-06-12 23:12:24.401114,,,,,,,,,
463,Bitget Token,bitget-token-new,Cryptocurrency,Cryptocurrency,active,Ethereum,False,Decentralized,high,2021-07-29,0,True,Bitget Token,BGB,Native,,,,,Token on Ethereum platform,2025-06-12 23:12:41.132063,2025-06-12 23:12:41.213018,0.0,0.0,38705092.57928469,0.0,0.0,,1.67648401,,
160,Bitkub,bitkub,CEX,DeFi,active,"Bitcoin,Ripple,Doge,Ethereum,Cardano,Solana,Binance,Arbitrum,Optimism,Polygon,Avalanche,Tron,Base,Algorand,TON,Mantle,zkSync Era,Aptos,CORE,Litecoin,Fantom",True,,medium,,0,False,Bitkub,KUB,ERC-20,,https://www.bitkub.com/,BitkubOfficial,,"No.1 licensed bitcoin exchange in Thailand that offers services to individuals who intend to buy, sell cryptocurrency",2025-05-30 17:56:28.085824,2025-06-12 23:12:24.401114,,,,,,,,,
17,Bitmex,bitmex,CEX,DeFi,active,"Bitcoin,Ethereum",True,,medium,,0,False,Bitmex,-,ERC-20,,https://www.bitmex.com,BitMEX,,BitMEX is a cryptocurrency exchange and derivative trading platform.,2025-05-29 17:56:43.525906,2025-06-12 23:12:24.401114,,,,,,,,,
138,Bitstamp,bitstamp,CEX,DeFi,active,"Bitcoin,Ethereum,Ripple,Solana,Litecoin,Avalanche,Algorand,Near,Cardano,XDC,Sui",True,,medium,,0,False,Bitstamp,-,ERC-20,,https://www.bitstamp.net,Bitstamp,,"Bitstamp makes trading easy, fast & reliable. With live customer support, staking and bank-grade security & insurance. Trusted Crypto Exchange Since 2011.",2025-05-30 17:56:28.085824,2025-06-12 23:12:24.401114,,,,,,,,,
469,Bittensor,bittensor,Cryptocurrency,Cryptocurrency,active,Bitcoin,False,Decentralized,high,2023-03-06,0,True,Bittensor,TAO,Native,,,,,,2025-06-12 23:12:41.132063,2025-06-12 23:12:41.233510,0.0,0.0,136551229.08215168,0.0,0.0,,8.58240094,,
133,BlackRock BUIDL,blackrock-buidl,RWA,DeFi,active,"Ethereum,Aptos,Avalanche,Arbitrum,Optimism,Polygon",True,,medium,,0,False,BlackRock BUIDL,BUIDL,ERC-20,,https://securitize.io/,BlackRock,,BlackRock USD Institutional Digital Liquidity Fund,2025-05-30 17:56:28.085824,2025-06-12 23:12:24.401114,,,,,,,,,
443,BNB,bnb,Cryptocurrency,Cryptocurrency,active,Bitcoin,False,Decentralized,high,2017-07-25,0,True,BNB,BNB,Native,,,,,,2025-06-12 23:12:41.132063,2025-06-12 23:12:41.155391,0.0,0.0,1668509934.3737447,0.0,0.0,,2.51191549,,
7,Bybit,bybit,CEX,DeFi,active,"Ethereum,Bitcoin,Tron,Solana,Ripple,Mantle,Doge,Binance,Avalanche,Litecoin,Optimism,Polkadot,Arbitrum,Polygon,Aptos,Cardano,TON,Base,Cosmos,Linea,dYdX,Kava,zkSync Era,Celo,Arbitrum Nova,Manta,Starknet,Scroll,EOS,Taiko,Fantom,Sonic",True,,medium,,0,False,Bybit,-,ERC-20,,https://www.bybit.com,Bybit_Official,,"Crypto trading experience elevated. Buy, sell, trade BTC, altcoins & NFTs. Get access to the spot and futures market or stake your coins securely.",2025-05-29 17:56:43.525906,2025-06-12 23:12:24.401114,,,,,,,,,
448,Cardano,cardano,Cryptocurrency,Cryptocurrency,active,Bitcoin,False,Decentralized,high,2017-10-01,0,True,Cardano,ADA,Native,,,,,,2025-06-12 23:12:41.132063,2025-06-12 23:12:41.169595,0.0,0.0,642200107.6559504,0.0,0.0,,4.59116597,,
451,Chainlink,chainlink,Cryptocurrency,Cryptocurrency,active,Ethereum,False,Decentralized,high,2017-09-20,0,True,Chainlink,LINK,Native,,,,,Token on Ethereum platform,2025-06-12 23:12:41.132063,2025-06-12 23:12:41.177377,0.0,0.0,464212914.0690938,0.0,0.0,,7.49037458,,
177,CIAN Yield Layer,cian-yield-layer,Yield Aggregator,DeFi,active,"Ethereum,Arbitrum,Optimism,Base,Binance,Scroll",True,,medium,,0,False,CIAN Yield Layer,-,ERC-20,,https://cian.app,CIAN_protocol,,Redistribute Yield Sources For Sustainable DeFi & Optimized APY For Your Assets,2025-05-30 17:56:28.085824,2025-06-12 23:12:24.401114,,,,,,,,,
149,Coinbase BTC,coinbase-btc,Bridge,DeFi,active,Bitcoin,False,,medium,,0,False,Coinbase BTC,-,ERC-20,,https://www.coinbase.com/cbbtc/proof-of-reserves,coinbase,,cbBTC is a wrapped token backed 1:1 by BTC held by Coinbase,2025-05-30 17:56:28.085824,2025-06-12 23:12:24.401114,,,,,,,,,
30,Compound,compound,DAO,DeFi,active,Ethereum,False,Decentralized,high,2018-09-01,25000000,False,Compound,COMP,ERC-20,DAO,,,,,2025-05-29 17:56:48.336050,2025-06-12 23:12:29.464327,3200000000.0,8500.0,,,,,,,Interest Fee:0.1
140,Compound V3,compound-v3,Lending,DeFi,active,"Ethereum,Arbitrum,Base,Polygon,Optimism,Unichain,Mantle,Ronin,Scroll",True,,medium,,0,False,Compound V3,COMP,ERC-20,,https://v3-app.compound.finance/,compoundfinance,,"Compound is an algorithmic, autonomous interest rate protocol built for developers, to unlock a universe of open financial applications.",2025-05-30 17:56:28.085824,2025-06-12 23:12:24.401114,,,,,,,,,
162,Convex Finance,convex-finance,Yield,DeFi,active,"Ethereum,Fraxtal,Polygon,Arbitrum",True,,medium,,0,False,Convex Finance,CVX,ERC-20,,https://www.convexfinance.com/,ConvexFinance,,Convex simplifies your Curve-boosting experience to maximize your yields.,2025-05-30 17:56:28.085824,2025-06-12 23:12:24.401114,,,,,,,,,
474,Cronos,cronos,Cryptocurrency,Cryptocurrency,active,Bitcoin,False,Decentralized,high,2018-12-14,0,True,Cronos,CRO,Native,,,,,,2025-06-12 23:12:41.132063,2025-06-12 23:12:41.249310,0.0,0.0,21894941.53297301,0.0,0.0,,-2.17644877,,
125,Crypto-com,crypto-com,CEX,DeFi,active,"Bitcoin,Ethereum,Binance,Polygon,Avalanche,Fantom,Arbitrum,Optimism",True,,medium,,0,False,Crypto-com,-,ERC-20,,https://crypto.com,cryptocom,,The World Fastest Growing Crypto App.,2025-05-30 17:56:28.085824,2025-06-12 23:12:24.401114,,,,,,,,,
142,Curve DEX,curve-dex,Dexs,DeFi,active,"Ethereum,Base,Arbitrum,Fraxtal,Polygon,Binance,Hyperliquid L1,Sonic,X Layer,Optimism,Avalanche,xDai,Kava,Fantom,Taiko,Corn,Celo,Ink,Plume Mainnet,Aurora,Moonbeam,XDC,Mantle,Harmony",True,,high,,0,False,Curve DEX,CRV,ERC-20,,https://curve.finance,CurveFinance,,Curve is a decentralized exchange liquidity pool on Ethereum designed for extremely efficient stablecoin trading,2025-05-30 17:56:28.085824,2025-06-12 23:12:24.401114,,,,,,,,,
464,Dai,multi-collateral-dai,Cryptocurrency,Cryptocurrency,active,Ethereum,False,Decentralized,high,2019-11-22,0,True,Dai,DAI,Native,,,,,Token on Ethereum platform,2025-06-12 23:12:41.132063,2025-06-12 23:12:41.216413,0.0,0.0,19357833711.42131,0.0,0.0,,0.01264895,,
23,Deribit,deribit,CEX,DeFi,active,"Bitcoin,Ethereum,Solana,Ripple,EthereumPoW,Binance",True,,medium,,0,False,Deribit,-,ERC-20,,https://www.deribit.com,DeribitExchange,,World's biggest Bitcoin and Ethereum Options Exchange and the most advanced crypto derivatives trading platform with up to 50x leverage on Crypto Futures.,2025-05-29 17:56:43.525906,2025-06-12 23:12:24.401114,,,,,,,,,
155,DeSyn Liquid Strategy,desyn-liquid-strategy,Yield Aggregator,DeFi,active,"exSat,Mode,Hemi,CORE,Bitlayer,BSquared,AILayer,Ethereum,Binance,Arbitrum,zkLink,Linea,Merlin,Scroll,Goat",True,,high,,0,False,DeSyn Liquid Strategy,-,ERC-20,,https://www.desyn.io,DesynLab,,"DeSyn is a decentralized liquidity infrastructure on Web3, empowering investors, projects, and security companies to invest, build, and manage collaboratively.",2025-05-30 17:56:28.085824,2025-06-12 23:12:24.401114,,,,,,,,,
446,Dogecoin,dogecoin,Cryptocurrency,Cryptocurrency,active,Bitcoin,False,Decentralized,high,2013-12-15,0,True,Dogecoin,DOGE,Native,,,,,,2025-06-12 23:12:41.132063,2025-06-12 23:12:41.163350,0.0,0.0,1183455371.6239302,0.0,0.0,,6.8624101,,
181,Drift Trade,drift-trade,Derivatives,DeFi,active,Solana,False,,medium,,0,False,Drift Trade,DRIFT,ERC-20,,https://www.drift.trade,DriftProtocol,,"Drift brings on-chain, cross-margined perpetual futures to Solana. Making futures DEXs the best way to trade.",2025-05-30 17:56:28.085824,2025-06-12 23:12:24.401114,,,,,,,,,
9,EigenLayer,eigenlayer,Restaking,DeFi,active,Ethereum,False,,medium,,0,False,EigenLayer,EIGEN,ERC-20,,https://www.eigenlayer.xyz/,eigenlayer,,"EigenLayer is a protocol built on Ethereum that introduces restaking, a new primitive in cryptoeconomic security. This primitive enables the reuse of ETH on the consensus layer",2025-05-29 17:56:43.525906,2025-06-12 23:12:24.401114,,,,,,,,,
484,Ethena,ethena,Cryptocurrency,Cryptocurrency,active,Ethereum,False,Decentralized,high,2024-03-29,0,True,Ethena,ENA,Native,,,,,Token on Ethereum platform,2025-06-12 23:12:41.132063,2025-06-12 23:12:41.281910,0.0,0.0,231097778.84718573,0.0,0.0,,7.13089434,,
20,Ethena USDe,ethena-usde,Cryptocurrency,Cryptocurrency,active,Ethereum,False,Decentralized,high,2024-02-20,0,True,Ethena USDe,USDe,Native,,,,,Token on Ethereum platform,2025-05-29 17:56:43.525906,2025-06-12 23:12:41.132063,0.0,0.0,192370589.04460782,0.0,0.0,,-0.04453971,,
152,Ethena USDtb,ethena-usdtb,RWA,DeFi,active,Ethereum,False,,medium,,0,False,Ethena USDtb,ENA,ERC-20,,https://usdtb.money,ethena_labs,,"USDtb is a digital dollar, otherwise known as a USD stablecoin. USDtb can be used the same way a holder would use any other dollar, whether to send and receive payments, acquire and trade assets, or to simply hold dollars.",2025-05-30 17:56:28.085824,2025-06-12 23:12:24.401114,,,,,,,,,
164,ether.fi Liquid,ether.fi-liquid,Onchain Capital Allocator,DeFi,active,Ethereum,False,,medium,,0,False,ether.fi Liquid,ETHFI,ERC-20,,https://app.ether.fi/liquid,ether_fi,,Liquid is an automated DeFi strategy vault that provides ether.fi users a simple access point to use their eETH in the DeFi ecosystem,2025-05-30 17:56:28.085824,2025-06-12 23:12:24.401114,,,,,,,,,
14,ether.fi Stake,ether.fi-stake,Liquid Restaking,DeFi,active,"Ethereum,Arbitrum,Base",True,,high,,0,False,ether.fi Stake,ETHFI,ERC-20,,https://app.ether.fi/eeth,ether_fi,,Decentralized and non-custodial Ethereum staking protocol.,2025-05-29 17:56:43.525906,2025-06-12 23:12:24.401114,,,,,,,,,
183,Ethereal,ethereal,Derivatives,DeFi,active,Ethereum,False,,high,,0,False,Ethereal,-,ERC-20,,https://www.ethereal.trade/,etherealdex,,"Ethereal is a decentralized spot and perpetuals exchange built on the Ethena Network, powered by native USDe collateral. With institutional-grade performance (sub-20ms latency, 1M+ orders/s) and DeFi-enabled self-custody from day one, Ethereal aims to be the premier trading venue for the rapidly growing Ethena ecosystem and beyond",2025-05-30 17:56:28.085824,2025-06-12 23:12:24.401114,,,,,,,,,
317,Ethereum,ethereum,Cryptocurrency,Cryptocurrency,active,Bitcoin,False,Decentralized,high,2015-08-07,0,True,Ethereum,ETH,Native,,,,,,2025-06-12 23:10:34.772067,2025-06-12 23:12:41.132063,0.0,0.0,23103688151.726967,0.0,0.0,,7.34064149,,
475,Ethereum Classic,ethereum-classic,Cryptocurrency,Cryptocurrency,active,Bitcoin,False,Decentralized,high,2016-07-24,0,True,Ethereum Classic,ETC,Native,,,,,,2025-06-12 23:12:41.132063,2025-06-12 23:12:41.254636,0.0,0.0,90503961.18080926,0.0,0.0,,3.64809838,,
184,Euler DAO,euler-dao,Risk Curators,DeFi,active,"Ethereum,Unichain,Base,Swellchain",True,,medium,,0,False,Euler DAO,-,ERC-20,,https://app.euler.finance,eulerfinance,,The lending super app.,2025-05-30 17:56:28.085824,2025-06-12 23:12:24.401114,,,,,,,,,
170,Euler V2,euler-v2,Lending,DeFi,active,"Ethereum,Avalanche,Unichain,Sonic,Binance,Swellchain,Base,BOB,Berachain",True,,medium,,0,False,Euler V2,EUL,ERC-20,,https://www.euler.finance,eulerfinance,,"Euler revolutionizes DeFi by letting any asset become collateral for a lending market. Lenders and borrowers get market leading risk-adjusted rates. Builders can create and manage markets exactly how they want them, with institutional-grade security.",2025-05-30 17:56:28.085824,2025-06-12 23:12:24.401114,,,,,,,,,
169,Fluid Lending,fluid-lending,Lending,DeFi,active,"Ethereum,Arbitrum,Polygon,Base",True,,medium,,0,False,Fluid Lending,-,ERC-20,,https://fluid.instadapp.io,0xfluid,,An ever-evolving DeFi protocol and financial system of the future by Instadapp,2025-05-30 17:56:28.085824,2025-06-12 23:12:24.401114,,,,,,,,,
186,Franklin Templeton,franklin-templeton,RWA,DeFi,active,"Stellar,Arbitrum,Ethereum,Base,Avalanche,Polygon,Aptos",True,,medium,,0,False,Franklin Templeton,-,ERC-20,,https://www.franklintempleton.com/investments/options/money-market-funds/products/29386/SINGLCLASS/franklin-on-chain-u-s-government-money-fund/FOBXX,FTI_US,,"The fund invests at least 99.5% of its total assets in U.S. government securities, cash and repurchase agreements collateralized fully by U.S. government securities or cash.",2025-05-30 17:56:28.085824,2025-06-12 23:12:24.401114,,,,,,,,,
151,Function FBTC,function-fbtc,Bridge,DeFi,active,Bitcoin,False,,high,,0,False,Function FBTC,-,ERC-20,,https://www.fxn.xyz,FunctionBTC,,"Function is building the standard infrastructure that transforms Bitcoin into a capital-efficient, hyperliquid, and composable asset through ƒBTC (FBTC). By enabling Bitcoin to flow freely across financial markets, Function is positioning BTC as the reserve asset for both traditional and decentralized finance. ƒBTC is powered by core contributors Antalpha Prime, Mantle, and Galaxy Digital.",2025-05-30 17:56:28.085824,2025-06-12 23:12:24.401114,,,,,,,,,
12,Gate,gate,CEX,DeFi,active,"Ethereum,Bitcoin,Binance,Solana,Doge,Tron,Ripple,Litecoin,Cardano,Optimism,Linea,EthereumClassic,Avalanche,Sui,Polkadot,Arbitrum,Manta,Base,Polygon,Op_Bnb,Arbitrum Nova,XDC,Cronos,zkSync Era,Alephium,Aptos,Celestia,Sei,Ergo,Metis,CORE,dYdX,Celo,BounceBit,Cosmos,Klaytn,Terra,Algorand,Stacks,Bahamut,ZetaChain,XPLA,Flare,EnergyWeb,Injective,Chiliz,IoTeX,Theta,Orai,Harmony,Vana,Moonbeam,Radix,LUKSO,Moonriver,Elrond,Ronin,Starknet,WEMIX,Bittorrent,Neutron,Osmosis,ThunderCore,Dymension,Agoric,Bitkub,Mantle,Bitgert,REI,AirDAO,Canto,Persistence,OKExChain,Aura Network,Acala,Oasys,Fuse,Astar,EOS,Archway,Tezos,Neon,BandChain,Umee,ApeChain,Merlin,Bifrost,Bitlayer,Shibarium,Boba,ETHF,Blast,RSK,Meter,X Layer,ENULS,Zircuit,Fantom,zkLink,Aurora,Kroma,Polygon zkEVM,BSquared,Mode,Taiko,Scroll,EOS EVM,Heco,Fuel,AILayer,Etherlink,Naka,Matchain,TomoChain,HAQQ,Tenet,HPB,GoChain,VeChain,Kardia,Songbird,TON",True,,medium,,0,False,Gate,-,ERC-20,,https://www.gate.com,gate_io,,"Established in 2013, Gate is a cryptocurrency exchange serving over 23 million global users. The platform supports spot trading, futures contracts, margin trading, and wealth management products for more than 3,800 cryptocurrencies, using zero-knowledge technology to ensure transparency and verifiability of user assets. Various Gate entities have obtained or completed regulatory registrations, licences, authorizations, or approvals across various jurisdictions, such as Lithuania, Argentina, Malta, Italy, Gibraltar, Bahamas, and Hong Kong.",2025-05-29 17:56:43.525906,2025-06-12 23:12:24.401114,,,,,,,,,
481,GateToken,gatetoken,Cryptocurrency,Cryptocurrency,active,Ethereum,False,Decentralized,high,2019-08-20,0,True,GateToken,GT,Native,,,,,Token on Ethereum platform,2025-06-12 23:12:41.132063,2025-06-12 23:12:41.272447,0.0,0.0,18176068.42173472,0.0,0.0,,-3.71299017,,
198,Gauntlet,gauntlet,Risk Curators,DeFi,active,"Ethereum,Base,Polygon,Unichain,Hyperliquid L1",True,,medium,,0,False,Gauntlet,-,ERC-20,,https://www.gauntlet.xyz,gauntlet_xyz,,"Our vaults provide risk-adjusted DeFi yields for institutional capital at scale. These strategies are optimized by our automated risk platform— designed by the most vigilant, quantitative minds in crypto.",2025-05-30 17:56:28.085824,2025-06-12 23:12:24.401114,,,,,,,,,
165,HashKey Exchange,hashkey-exchange,CEX,DeFi,active,"Bitcoin,Ethereum,Tron,Doge,Solana,Avalanche,TON,Litecoin,Aptos,Optimism,Polkadot,Polygon,Arbitrum",True,,low,,0,False,HashKey Exchange,-,ERC-20,,https://www.hashkey.com,HashKeyExchange,,HashKey Exchange is a centralized cryptocurrency exchange established in 2018 and is registered in Hong Kong.,2025-05-30 17:56:28.085824,2025-06-12 23:12:24.401114,,,,,,,,,
458,Hedera,hedera,Cryptocurrency,Cryptocurrency,active,Bitcoin,False,Decentralized,high,2019-09-17,0,True,Hedera,HBAR,Native,,,,,,2025-06-12 23:12:41.132063,2025-06-12 23:12:41.200337,0.0,0.0,165102232.2446824,0.0,0.0,,2.59662703,,
11,HTX,htx,CEX,DeFi,active,"Tron,Ethereum,Bitcoin,Ripple,Solana,Doge,Binance,Cardano,Litecoin,TON,Avalanche,Arbitrum,Sui,CORE,Optimism,Polygon,EOS,Starknet,Algorand",True,,medium,,0,False,HTX,-,ERC-20,,https://www.huobi.com,HuobiGlobal,,Huobi Global is a world-leading cryptocurrency trading exchange.,2025-05-29 17:56:43.525906,2025-06-12 23:12:24.401114,,,,,,,,,
449,Hyperliquid,hyperliquid,Cryptocurrency,Cryptocurrency,active,Hyperliquid,False,Decentralized,high,2024-07-15,0,True,Hyperliquid,HYPE,Native,,,,,Token on Hyperliquid platform,2025-06-12 23:12:41.132063,2025-06-12 23:12:41.172587,0.0,0.0,386049165.1366536,0.0,0.0,,24.95918002,,
126,Hyperliquid Bridge,hyperliquid-bridge,Bridge,DeFi,active,Arbitrum,False,,high,,0,False,Hyperliquid Bridge,HYPE,ERC-20,,https://hyperliquid.xyz,HyperliquidX,,"Hyperliquid is a decentralized perpetual exchange with best-in-class speed, liquidity, and price.",2025-05-30 17:56:28.085824,2025-06-12 23:12:24.401114,,,,,,,,,
172,Infrared Finance,infrared-finance,Liquid Staking,DeFi,active,Berachain,False,,medium,,0,False,Infrared Finance,-,ERC-20,,https://infrared.finance,InfraredFinance,,Infrared Finance is a BERA liquid staking protocol which utilizes proof of liquidity to maximize yields,2025-05-30 17:56:28.085824,2025-06-12 23:12:24.401114,,,,,,,,,
471,Internet Computer,internet-computer,Cryptocurrency,Cryptocurrency,active,Bitcoin,False,Decentralized,high,2021-03-23,0,True,Internet Computer,ICP,Native,,,,,,2025-06-12 23:12:41.132063,2025-06-12 23:12:41.239622,0.0,0.0,103693506.33700006,0.0,0.0,,17.3479838,,
130,Jito Liquid Staking,jito-liquid-staking,Liquid Staking,DeFi,active,Solana,False,,medium,,0,False,Jito Liquid Staking,JTO,ERC-20,,https://jito.network,jito_sol,,JitoSOL is the first liquid staking derivative on Solana to include MEV rewards. Tracks the price of SOL while accruing staking and MEV rewards. Yield is accrued in the price so it will steadily appreciate vs. SOL,2025-05-30 17:56:28.085824,2025-06-12 23:12:24.401114,,,,,,,,,
146,Jupiter Perpetual Exchange,jupiter-perpetual-exchange,Derivatives,DeFi,active,Solana,False,,medium,,0,False,Jupiter Perpetual Exchange,JUP,ERC-20,,https://jup.ag/perps,JupiterExchange,,Jupiter Perpetual Exchange is a LP-to-trader perpetual exchange based on oracle prices.,2025-05-30 17:56:28.085824,2025-06-12 23:12:24.401114,,,,,,,,,
175,Jupiter Staked SOL,jupiter-staked-sol,Liquid Staking,DeFi,active,Solana,False,,medium,,0,False,Jupiter Staked SOL,JUP,ERC-20,,https://jup.ag/swap/SOL-JupSOL,JupiterExchange,,Liquid staking on Solana,2025-05-30 17:56:28.085824,2025-06-12 23:12:24.401114,,,,,,,,,
127,JustCryptos,justcryptos,Bridge,DeFi,active,Tron,False,,medium,,0,False,JustCryptos,JST,ERC-20,,https://just.network/token,DeFi_JUST,,"Just Cryptos builds a bridge that connects premium crypto currencies from the TRON network and other public chains, and introduces token value to TRON to power the JUST ecosystem. All assets are stored, and can be swapped on Poloniex.",2025-05-30 17:56:28.085824,2025-06-12 23:12:24.401114,,,,,,,,,
19,JustLend,justlend,Lending,DeFi,active,Tron,False,,medium,,0,False,JustLend,JST,ERC-20,,https://justlend.just.network,DeFi_JUST,,JustLend is a TRON-powered coin market protocol aimed at establishing fund pools whose interest rates are determined by an algorithm based on the supply and demand of TRON assets.,2025-05-29 17:56:43.525906,2025-06-12 23:12:24.401114,,,,,,,,,
139,Kamino Lend,kamino-lend,Lending,DeFi,active,Solana,False,,high,,0,False,Kamino Lend,KMNO,ERC-20,,https://kamino.finance/,KaminoFinance,,Kamino Lend (K-Lend) is a novel peer-to-pool borrowing primitive designed as foundational infrastructure to power complex financial products with leverage and automation and as a decentralized matchmaker between borrowers and lenders,2025-05-30 17:56:28.085824,2025-06-12 23:12:24.401114,,,,,,,,,
479,Kaspa,kaspa,Cryptocurrency,Cryptocurrency,active,Bitcoin,False,Decentralized,high,2022-06-01,0,True,Kaspa,KAS,Native,,,,,,2025-06-12 23:12:41.132063,2025-06-12 23:12:41.267594,0.0,0.0,59212811.75807594,0.0,0.0,,2.65512803,,
161,Kelp,kelp,Liquid Restaking,DeFi,active,"Ethereum,Arbitrum,Zircuit,Hemi,Base,Linea,Scroll,Optimism,Swellchain,zkSync Era,Blast,Mode,Berachain,Manta,X Layer,Sonic",True,,medium,,0,False,Kelp,-,ERC-20,,https://kelpdao.xyz/restake,KelpDAO,,"Kelp is the second largest liquid restaking protocol with ~$2B+ in TVL. Its liquid restaked token, rsETH, is live across 10+ major L2s and 40+ DeFi platforms, allowing users to restake while maintaining full liquidity.",2025-05-30 17:56:28.085824,2025-06-12 23:12:24.401114,,,,,,,,,
167,Korbit,korbit,CEX,DeFi,active,"Bitcoin,Ripple,Ethereum",True,,medium,,0,False,Korbit,-,ERC-20,,https://korbit.co.kr,Korbit_exchange,,Korbit is a cryptocurrency exchange that was founded in South Korea.,2025-05-30 17:56:28.085824,2025-06-12 23:12:24.401114,,,,,,,,,
189,Kraken,kraken,CEX,DeFi,active,"Ethereum,Starknet,Bitcoin",True,,medium,,0,False,Kraken,-,ERC-20,,https://www.kraken.com/,krakenfx,,Kraken makes it easy to get started. Sign up today to buy and sell 200+ cryptocurrencies.,2025-05-30 17:56:28.085824,2025-06-12 23:12:24.401114,,,,,,,,,
135,Kucoin,kucoin,CEX,DeFi,active,"Ethereum,Bitcoin,Solana,Tron,Binance,TON,Kucoin,Optimism,Arbitrum,EOS,Algorand,Kava,Base,Starknet",True,,medium,,0,False,Kucoin,-,ERC-20,,https://www.kucoin.com,kucoincom,,cex,2025-05-30 17:56:28.085824,2025-06-12 23:12:24.401114,,,,,,,,,
5,Lido,lido,Liquid Staking,DeFi,active,"Ethereum,Solana,Moonbeam,Moonriver,Terra",True,,medium,,0,False,Lido,LDO,ERC-20,,https://lido.fi/,LidoFinance,,"Liquid staking for Ethereum and Polygon. Daily staking rewards, no lock ups.",2025-05-29 17:56:43.525906,2025-06-12 23:12:24.401114,,,,,,,,,
306,Lista Lending,lista-lending,Lending,DeFi,active,Binance,False,,high,,0,False,Lista Lending,LISTA,ERC-20,,https://lista.org/lending,LISTA_DAO,,Lista Lending is a decentralized P2P lending protocol on BNB Chain that uses a vault-based system to pool liquidity and allocate it across lending markets based on supply and demand.,2025-06-12 23:02:28.778438,2025-06-12 23:12:24.401114,,,,,,,,,
459,Litecoin,litecoin,Cryptocurrency,Cryptocurrency,active,Bitcoin,False,Decentralized,high,2013-04-28,0,True,Litecoin,LTC,Native,,,,,,2025-06-12 23:12:41.132063,2025-06-12 23:12:41.203415,0.0,0.0,389807869.1868083,0.0,0.0,,2.26243555,,
141,Lombard,lombard,Restaked BTC,DeFi,active,"Bitcoin,Ethereum",True,,medium,,0,False,Lombard,-,ERC-20,,https://www.lombard.finance,Lombard_Finance,,"Lombard is transforming Bitcoin's utility from a store of value into a productive financial tool through a security-first liquid Bitcoin primitive—LBTC. LBTC is a liquid, yield-bearing, natively cross-chain, and 1:1 backed by bitcoin.",2025-05-30 17:56:28.085824,2025-06-12 23:12:24.401114,,,,,,,,,
29,MakerDAO,maker,DAO,DeFi,active,Ethereum,False,Decentralized,high,2017-12-01,0,False,Maker,MKR,ERC-20,DAO,,,,,2025-05-29 17:56:48.336050,2025-06-12 23:12:29.464327,8500000000.0,15000.0,,,,,,,Stability Fee:0.025
478,Mantle,mantle,Cryptocurrency,Cryptocurrency,active,Ethereum,False,Decentralized,high,2023-07-17,0,True,Mantle,MNT,Native,,,,,Token on Ethereum platform,2025-06-12 23:12:41.132063,2025-06-12 23:12:41.263281,0.0,0.0,209230069.92588782,0.0,0.0,,2.87356805,,
196,Mantle Bridge,mantle-bridge,Chain,DeFi,active,Ethereum,False,,medium,,0,False,Mantle Bridge,MNT,ERC-20,,https://bridge.mantle.xyz,Mantle_Official,,Mantle Network is a Layer-2 (L2) scalability solution built on Ethereum which is the Layer-1 (L1).,2025-05-30 17:56:28.085824,2025-06-12 23:12:24.401114,,,,,,,,,
157,Maple,maple,Lending,DeFi,active,"Ethereum,Solana",True,,medium,,0,False,Maple,SYRUP,ERC-20,,https://www.maple.finance,maplefinance,,Maple Finance is an institutional capital marketplace powered by blockchain technology.,2025-05-30 17:56:28.085824,2025-06-12 23:12:24.401114,,,,,,,,,
174,Marinade Liquid Staking,marinade-liquid-staking,Liquid Staking,DeFi,active,Solana,False,,medium,,0,False,Marinade Liquid Staking,MNDE,ERC-20,,https://marinade.finance,MarinadeFinance,,The easiest way to stake Solana - liquid staking,2025-05-30 17:56:28.085824,2025-06-12 23:12:24.401114,,,,,,,,,
178,Marinade Native,marinade-native,Staking Pool,DeFi,active,Solana,False,,medium,,0,False,Marinade Native,MNDE,ERC-20,,https://marinade.finance/app/,MarinadeFinance,,"Marinade Native is a fee-free, smart contract-independent staking alternative on Solana that allows users to maintain custody of their SOL",2025-05-30 17:56:28.085824,2025-06-12 23:12:24.401114,,,,,,,,,
166,MaskEX,maskex,CEX,DeFi,active,"Bitcoin,Binance,Ethereum,Tron",True,,medium,,0,False,MaskEX,-,ERC-20,,https://www.maskex.com,MaskEXGlobal,,MaskEX is the world's most secure and private cryptocurrency wallet and trading platform.,2025-05-30 17:56:28.085824,2025-06-12 23:12:24.401114,,,,,,,,,
190,Merlins Seal,merlins-seal,Bridge,DeFi,active,"Bitcoin,Ethereum,Arbitrum,Zkfair",True,,high,,0,False,Merlins Seal,-,ERC-20,,https://merlinchain.io/bridge/staking,MerlinLayer2,,"Merlin's Seal is an event associated with the Merlin Chain, focusing on the fair launch of its governance token, $MERL. Users stake assets to earn M-points, which are then used to determine the distribution of $MERL rewards",2025-05-30 17:56:28.085824,2025-06-12 23:12:24.401114,,,,,,,,,
28,MetaMask,metamask,Wallets,Infrastructure,active,"Ethereum,BSC,Polygon",True,Centralized,medium,2016-07-01,0,False,,,,,,,,,2025-05-29 17:56:46.203904,2025-06-12 23:12:27.252573,0.0,100000000.0,0.0,0.0,0.0,,,,
194,Meteora DLMM,meteora-dlmm,Dexs,DeFi,active,Solana,False,,medium,,0,False,Meteora DLMM,-,ERC-20,,https://app.meteora.ag/,MeteoraAG,,"Meteora's DLMM introduces a zero-slippage, bin-based concentrated liquidity AMM on Solana, enhancing LP profitability with dynamic fees and enabling precise liquidity strategies and shapes for deeper market liquidity",2025-05-30 17:56:28.085824,2025-05-30 17:56:28.299921,,,,,,,,,
171,mETH Protocol,meth-protocol,Liquid Staking,DeFi,active,Ethereum,False,,medium,,0,False,mETH Protocol,-,ERC-20,,https://www.mantle.xyz/meth,Mantle_Official,,"A permissionless, non-custodial ETH liquid staking protocol deployed on Ethereum L1 and governed by Mantle.",2025-05-30 17:56:28.085824,2025-06-12 23:12:24.401114,,,,,,,,,
131,MEXC,mexc,CEX,DeFi,active,"Ethereum,Bitcoin,Binance,Optimism,Arbitrum,Polygon,Tron,Starknet",True,,medium,,0,False,MEXC,-,ERC-20,,https://www.mexc.com,MEXC_Official,,Find your next Moonshot.,2025-05-30 17:56:28.085824,2025-06-12 23:12:24.401114,,,,,,,,,
461,Monero,monero,Cryptocurrency,Cryptocurrency,active,Bitcoin,False,Decentralized,high,2014-05-21,0,True,Monero,XMR,Native,,,,,,2025-06-12 23:12:41.132063,2025-06-12 23:12:41.208070,0.0,0.0,93458705.40992458,0.0,0.0,,2.24642174,,
25,Morpho Blue,morpho-blue,Lending,DeFi,active,"Ethereum,Base,Hyperliquid L1,Polygon,Unichain,World Chain,Plume Mainnet,Corn,Optimism,Arbitrum,Fraxtal,Sonic,Scroll,Ink,Soneium,Hemi,Basecamp,Lisk,Mode,Flame",True,,medium,,0,False,Morpho Blue,MORPHO,ERC-20,,https://app.morpho.org,MorphoLabs,,Morpho Blue is a trustless and efficient lending primitive with permissionless market creation,2025-05-29 17:56:43.525906,2025-06-12 23:12:24.401114,,,,,,,,,
473,NEAR Protocol,near-protocol,Cryptocurrency,Cryptocurrency,active,Bitcoin,False,Decentralized,high,2020-08-11,0,True,NEAR Protocol,NEAR,Native,,,,,,2025-06-12 23:12:41.132063,2025-06-12 23:12:41.245335,0.0,0.0,153535948.1091071,0.0,0.0,,4.15594634,,
483,OFFICIAL TRUMP,official-trump,Cryptocurrency,Cryptocurrency,active,Solana,False,Decentralized,high,2025-01-18,0,True,OFFICIAL TRUMP,TRUMP,Native,,,,,Token on Solana platform,2025-06-12 23:12:41.132063,2025-06-12 23:12:41.278556,0.0,0.0,323970938.2297626,0.0,0.0,,4.35077123,,
470,OKB,okb,Cryptocurrency,Cryptocurrency,active,Ethereum,False,Decentralized,high,2019-04-30,0,True,OKB,OKB,Native,,,,,Token on Ethereum platform,2025-06-12 23:12:41.132063,2025-06-12 23:12:41.236804,0.0,0.0,6125457.65669738,0.0,0.0,,7.11865917,,
3,OKX,okx,CEX,DeFi,active,"Bitcoin,Ethereum,Solana,Doge,Tron,Ripple,Litecoin,Polkadot,Arbitrum,Aptos,Optimism,TON,Linea,Base,zkSync Era,Scroll,Starknet,Avalanche,Polygon",True,,medium,,0,False,OKX,-,ERC-20,,https://www.okx.com,okx,,"OKX, formerly known as OKEx, is a Seychelles-based cryptocurrency exchange and derivatives exchange that provides a platform for trading various instruments such as spot and derivative",2025-05-29 17:56:43.525906,2025-06-12 23:12:24.401114,,,,,,,,,
158,Ondo,ondo-finance,Cryptocurrency,Cryptocurrency,active,Ethereum,False,Decentralized,high,2024-01-18,0,True,Ondo,ONDO,Native,,,,,Token on Ethereum platform,2025-05-30 17:56:28.085824,2025-06-12 23:12:41.132063,0.0,0.0,152507954.97414252,0.0,0.0,,5.24420886,,
27,OpenSea,opensea,Marketplaces,NFT,active,"Ethereum,Polygon",True,Centralized,low,2017-12-01,300000000,True,,,,,,,,,2025-05-29 17:56:46.203904,2025-06-12 23:12:27.252573,0.0,45000.0,2800000000.0,850000.0,0.0,,,,Marketplace Fee:0.025
148,Optimism Bridge,optimism-bridge,Chain,DeFi,active,"Ethereum,Base,PGN",True,,medium,,0,False,Optimism Bridge,OP,ERC-20,,https://app.optimism.io/bridge/deposit,optimismFND,,Bridge between Optimism and Ethereum,2025-05-30 17:56:28.085824,2025-06-12 23:12:24.401114,,,,,,,,,
26,PancakeSwap,pancakeswap,DeFi,DeFi,active,BSC,False,Decentralized,high,2020-09-01,0,True,PancakeSwap,CAKE,BEP-20,DAO,,,,,2025-05-29 17:56:46.203904,2025-06-12 23:12:27.252573,2100000000.0,18000.0,850000000.0,1200000.0,2100000000.0,,,,Trading Fee:0.0025
156,PancakeSwap AMM,pancakeswap-amm,Dexs,DeFi,active,"Binance,Aptos,Op_Bnb,Arbitrum,Ethereum,Base,zkSync Era,Linea,Polygon zkEVM",True,,medium,,0,False,PancakeSwap AMM,CAKE,ERC-20,,https://pancakeswap.finance/,PancakeSwap,,The #1 AMM and yield farm on Binance Smart Chain,2025-05-30 17:56:28.085824,2025-06-12 23:12:24.401114,,,,,,,,,
180,Paxos Gold,paxos-gold,RWA,DeFi,active,Ethereum,False,,low,,0,False,Paxos Gold,PAXG,ERC-20,,https://paxos.com/paxgold/,Paxos,,"PAXG offers investors a cost-effective way to own investment-grade physical gold with all the benefits of the blockchain. Each Pax Gold (PAXG) token is backed by one fine troy ounce of gold, stored in LBMA vaults in London. If you own PAXG, you own the underlying physical gold, held in custody by Paxos Trust Company",2025-05-30 17:56:28.085824,2025-06-12 23:12:24.401114,,,,,,,,,
24,Pendle,pendle,Yield,DeFi,active,"Ethereum,Binance,Sonic,Base,Arbitrum,Berachain,Mantle,Optimism,Avalanche",True,,medium,,0,False,Pendle,PENDLE,ERC-20,,https://pendle.finance/,pendle_fi,,Pendle Finance is a protocol that enables the trading of tokenized future yield on an AMM system.,2025-05-29 17:56:43.525906,2025-06-12 23:12:24.401114,,,,,,,,,
465,Pepe,pepe,Cryptocurrency,Cryptocurrency,active,Ethereum,False,Decentralized,high,2023-04-17,0,True,Pepe,PEPE,Native,,,,,Token on Ethereum platform,2025-06-12 23:12:41.132063,2025-06-12 23:12:41.221023,0.0,0.0,1109819924.196738,0.0,0.0,,9.37242376,,
467,Pi,pi,Cryptocurrency,Cryptocurrency,active,Bitcoin,False,Decentralized,high,2025-02-11,0,True,Pi,PI,Native,,,,,,2025-06-12 23:12:41.132063,2025-06-12 23:12:41.227267,0.0,0.0,70535295.6415541,0.0,0.0,,0.67276426,,
477,POL (prev. MATIC),polygon-ecosystem-token,Cryptocurrency,Cryptocurrency,active,Ethereum,False,Decentralized,high,2023-10-30,0,True,POL (prev. MATIC),POL,Native,,,,,Token on Ethereum platform,2025-06-12 23:12:41.132063,2025-06-12 23:12:41.260127,0.0,0.0,146615834.76534525,0.0,0.0,,4.3284404,,
460,Polkadot,polkadot-new,Cryptocurrency,Cryptocurrency,active,Bitcoin,False,Decentralized,high,2020-08-19,0,True,Polkadot,DOT,Native,,,,,,2025-06-12 23:12:41.132063,2025-06-12 23:12:41.205792,0.0,0.0,257393237.18639308,0.0,0.0,,2.46652509,,
137,Polygon Bridge & Staking,polygon-bridge-&-staking,Chain,DeFi,active,Polygon,False,,medium,,0,False,Polygon Bridge & Staking,POL,ERC-20,,https://polygon.technology/,0xPolygon,,"Ethereum sidechain
",2025-05-30 17:56:28.085824,2025-06-12 23:12:24.401114,,,,,,,,,
132,Portal,portal,Bridge,DeFi,active,"Ethereum,Solana,Binance,Avalanche,Terra,Polygon,Near,Arbitrum,Moonbeam,Optimism,Aptos,Sui,Fantom,Base,Celo,Klaytn,Oasis,Algorand,Aurora,Injective,Terra2,XPLA,Karura,Acala",True,,medium,,0,False,Portal,W,ERC-20,,https://portalbridge.com,portalbridge_,,A token bridge built on Wormhole.,2025-05-30 17:56:28.085824,2025-06-12 23:12:24.401114,,,,,,,,,
143,Raydium AMM,raydium-amm,Dexs,DeFi,active,Solana,False,,medium,,0,False,Raydium AMM,RAY,ERC-20,,https://raydium.io,RaydiumProtocol,,An on-chain order book AMM powering the evolution of DeFi.,2025-05-30 17:56:28.085824,2025-06-12 23:12:24.401114,,,,,,,,,
485,Render,render,Cryptocurrency,Cryptocurrency,active,Ethereum,False,Decentralized,high,2020-06-11,0,True,Render,RENDER,Native,,,,,Token on Ethereum platform,2025-06-12 23:12:41.132063,2025-06-12 23:12:41.285426,0.0,0.0,95206417.86216812,0.0,0.0,,2.11123663,,
168,Renzo,renzo,Liquid Restaking,DeFi,active,"Ethereum,Solana,Linea,Zircuit,Arbitrum,Base,Mode,Optimism,Fraxtal,Blast,Binance,Sei",True,,medium,,0,False,Renzo,REZ,ERC-20,,https://app.renzoprotocol.com/restake,RenzoProtocol,,"The Renzo Protocol acts as an interface on top of EigenLayer, enhancing Ethereum staking by securing Actively Validated Services and offering higher yields",2025-05-30 17:56:28.085824,2025-06-12 23:12:24.401114,,,,,,,,,
6,Robinhood,robinhood,CEX,DeFi,active,"Bitcoin,Ethereum,Avalanche,Polygon",True,,medium,,0,False,Robinhood,-,ERC-20,,https://robinhood.com,RobinhoodApp,,Democratizing finance for all. Crypto trading: Robinhood Crypto.,2025-05-29 17:56:43.525906,2025-06-12 23:12:24.401114,,,,,,,,,
144,Rocket Pool,rocket-pool,Liquid Staking,DeFi,active,Ethereum,False,,medium,,0,False,Rocket Pool,RPL,ERC-20,,https://rocketpool.net,Rocket_Pool,,"Rocket Pool is the first truly decentralised Ethereum staking pool. Liquid Staking, Audited SC, and Minimised Penalty Risk. Unlike solo stakers, who are required to put 32 ETH up for deposit to create a new validator, Rocket Pool nodes only need to deposit 16 ETH per validator. This will be coupled with 16 ETH from the staking pool (which stakers deposited in exchange for rETH) to create a new ETH2 validator.",2025-05-30 17:56:28.085824,2025-06-12 23:12:24.401114,,,,,,,,,
145,Sanctum Validator LSTs,sanctum-validator-lsts,Liquid Staking,DeFi,active,Solana,False,,medium,,0,False,Sanctum Validator LSTs,CLOUD,ERC-20,,https://www.sanctum.so,sanctumso,,A Sanctum validator LST is a type of LST for which stake pools were deployed with the SanctumSPL Program.,2025-05-30 17:56:28.085824,2025-06-12 23:12:24.401114,,,,,,,,,
457,Shiba Inu,shiba-inu,Cryptocurrency,Cryptocurrency,active,Ethereum,False,Decentralized,high,2020-08-01,0,True,Shiba Inu,SHIB,Native,,,,,Token on Ethereum platform,2025-06-12 23:12:41.132063,2025-06-12 23:12:41.196138,0.0,0.0,167007793.94050267,0.0,0.0,,1.26416357,,
487,Sky,sky,Cryptocurrency,Cryptocurrency,active,Ethereum,False,Decentralized,high,2024-09-18,0,True,Sky,SKY,Native,,,,,Token on Ethereum platform,2025-06-12 23:12:41.132063,2025-06-12 23:12:41.290902,0.0,0.0,6816491.09058017,0.0,0.0,,14.01041642,,
18,Sky Lending,sky-lending,CDP,DeFi,active,Ethereum,False,,medium,,0,False,Sky Lending,SKY,ERC-20,,https://sky.money/,SkyEcosystem,,"The USDS stablecoin powers the open Sky ecosystem. It is the upgraded version of DAI, providing new ways for you to have more rewarding crypto experiences.",2025-05-29 17:56:43.525906,2025-06-12 23:12:24.401114,,,,,,,,,
444,Solana,solana,Cryptocurrency,Cryptocurrency,active,Bitcoin,False,Decentralized,high,2020-04-10,0,True,Solana,SOL,Native,,,,,,2025-06-12 23:12:41.132063,2025-06-12 23:12:41.158098,0.0,0.0,3628795255.3663416,0.0,0.0,,6.3858444,,
185,SolvBTC,solvbtc,Bridge,DeFi,active,"Bitcoin,Binance,Base,Ethereum,Arbitrum,Avalanche,BOB,Mantle,Polygon,Merlin",True,,medium,,0,False,SolvBTC,SOLV,ERC-20,,https://app.solv.finance/solvbtc,SolvProtocol,,"SolvBTC is a universal Bitcoin reserve token that connects Bitcoin’s value across blockchains, backed 1:1 by a transparent, secure reserve. It empowers you to tap into DeFi and CeFi markets effortlessly, transforming idle Bitcoin into a dynamic asset for lending, trading, or yield generation—while keeping you in full control.",2025-05-30 17:56:28.085824,2025-06-12 23:12:24.401114,,,,,,,,,
193,SolvBTC LSTs,solvbtc-lsts,Restaked BTC,DeFi,active,"Bitcoin,Ethereum",True,,medium,,0,False,SolvBTC LSTs,-,ERC-20,,https://solv.finance,SolvProtocol,,"SolvBTC LSTs, including xSolvBTC and SolvBTC.CORE, let you stake Bitcoin to secure blockchain networks while earning rewards, and 1:1 backed by Bitcoin. Unlike traditional staking, your assets remain liquid, ready to trade, lend, or provide liquidity - maximizing your Bitcoin’s earning potential.",2025-05-30 17:56:28.085824,2025-06-12 23:12:24.401114,,,,,,,,,
129,Spark Liquidity Layer,spark-liquidity-layer,Onchain Capital Allocator,DeFi,active,"Ethereum,Base,Arbitrum,Unichain,Optimism",True,,medium,,0,False,Spark Liquidity Layer,-,ERC-20,,https://www.spark.fi/,sparkdotfi,,"The Spark Liquidity Layer (SLL) automates liquidity provision of USDS, sUSDS, and USDC directly from Sky across various blockchain networks, DeFi protocols, and RWA",2025-05-30 17:56:28.085824,2025-06-12 23:12:24.401114,,,,,,,,,
128,SparkLend,sparklend,Lending,DeFi,active,"Ethereum,xDai",True,,medium,,0,False,SparkLend,-,ERC-20,,https://www.spark.fi/,sparkdotfi,,"SparkLend is a stablecoin lending market. Unlike other lending protocols where rates fluctuate based on utilization or loan size, SparkLend offers governance-defined rates that do not vary based on those factors. This is made possible by Spark’s Liquidity Layer (SLL), which supplies consistent stablecoin liquidity to the protocol",2025-05-30 17:56:28.085824,2025-06-12 23:12:24.401114,,,,,,,,,
191,Stables Labs USDX,stables-labs-usdx,Basis Trading,DeFi,active,"Binance,Arbitrum,Ethereum",True,,high,,0,False,Stables Labs USDX,USDX,ERC-20,,https://usdx.money/,StablesLabs,,"USDX is a synthetic USD stablecoin designed to provide stability without relying on traditional banking infrastructure. Backed by delta-neutral positions across multiple exchanges, USDX seamlessly bridges the gap between DeFi, CeFi, and TradFi. It enables DeFi users to access traditional delta-neutral strategies executed in CeFi platforms. As a crypto-native stablecoin, USDX offers a scalable, censorship-resistant, and highly stable solution for users looking to navigate the world of decentralized finance with confidence.",2025-05-30 17:56:28.085824,2025-06-12 23:12:24.401114,,,,,,,,,
173,StakeWise V2,stakewise-v2,Liquid Staking,DeFi,active,"Ethereum,xDai",True,,medium,,0,False,StakeWise V2,SWISE,ERC-20,,https://stakewise.io/,stakewise_io,,Stake your ETH and manage your capital flexibly with the principal and yield tokens from StakeWise.,2025-05-30 17:56:28.085824,2025-06-12 23:12:24.401114,,,,,,,,,
195,Steakhouse Financial,steakhouse-financial,Risk Curators,DeFi,active,"Ethereum,Base,Corn,Unichain",True,,medium,,0,False,Steakhouse Financial,-,ERC-20,,https://www.steakhouse.financial/,SteakhouseFi,,"We build transparent, efficient, and accessible financial primitives to power the next generation of capital markets on public blockchains",2025-05-30 17:56:28.085824,2025-06-12 23:12:24.401114,,,,,,,,,
454,Stellar,stellar,Cryptocurrency,Cryptocurrency,active,Bitcoin,False,Decentralized,high,2014-08-05,0,True,Stellar,XLM,Native,,,,,,2025-06-12 23:12:41.132063,2025-06-12 23:12:41.188200,0.0,0.0,193514754.5109433,0.0,0.0,,4.35757834,,
450,Sui,sui,Cryptocurrency,Cryptocurrency,active,Bitcoin,False,Decentralized,high,2022-07-12,0,True,Sui,SUI,Native,,,,,,2025-06-12 23:12:41.132063,2025-06-12 23:12:41.175183,0.0,0.0,926310856.1544708,0.0,0.0,,9.19607141,,
154,SwissBorg,swissborg,CEX,DeFi,active,"Bitcoin,Ethereum,Solana,Ripple,Binance,Cardano,Hedera,Doge,Avalanche,Polkadot,Near,Polygon,Tron,Injective,Cosmos,Optimism,Celestia,Moonbeam,TON,Arbitrum,Sonic,Sei,Algorand,Stellar,Osmosis,Berachain,xDai",True,,medium,,0,False,SwissBorg,-,ERC-20,,https://swissborg.com,swissborg,,Making crypto wealth management accessible to everyone.,2025-05-30 17:56:28.085824,2025-06-12 23:12:24.401114,,,,,,,,,
163,Symbiotic,symbiotic,Restaking,DeFi,active,Ethereum,False,,high,,0,False,Symbiotic,-,ERC-20,,https://symbiotic.fi,symbioticfi,,"Symbiotic is a generalized shared security system enabling decentralized networks to bootstrap powerful, fully sovereign ecosystems.",2025-05-30 17:56:28.085824,2025-06-12 23:12:24.401114,,,,,,,,,
179,Tether Gold,tether-gold,RWA,DeFi,active,Ethereum,False,,medium,,0,False,Tether Gold,XAUt,ERC-20,,https://gold.tether.to/,tethergold,,"Tether Gold (XAUt) is a token that provides you ownership of real physical gold. By putting gold on a Blockchain, we unlock a variety of characteristics that typically only crypto assets possess",2025-05-30 17:56:28.085824,2025-06-12 23:12:24.401114,,,,,,,,,
318,Tether USDt,tether,Cryptocurrency,Cryptocurrency,active,Ethereum,False,Decentralized,high,2015-02-25,0,True,Tether USDt,USDT,Native,,,,,Token on Ethereum platform,2025-06-12 23:10:34.772067,2025-06-12 23:12:41.132063,0.0,0.0,77929328592.52443,0.0,0.0,,-0.0215425,,
456,Toncoin,toncoin,Cryptocurrency,Cryptocurrency,active,Bitcoin,False,Decentralized,high,2021-08-26,0,True,Toncoin,TON,Native,,,,,,2025-06-12 23:12:41.132063,2025-06-12 23:12:41.193202,0.0,0.0,199937023.74699473,0.0,0.0,,1.81664065,,
447,TRON,tron,Cryptocurrency,Cryptocurrency,active,Bitcoin,False,Decentralized,high,2017-09-13,0,True,TRON,TRX,Native,,,,,,2025-06-12 23:12:41.132063,2025-06-12 23:12:41.166160,0.0,0.0,881643755.3056849,0.0,0.0,,0.22645783,,
199,UniRouter,unirouter,Bridge,DeFi,active,BSquared,False,,medium,,0,False,UniRouter,-,ERC-20,,https://www.unirouter.io,UniRouterBTC,,Empower #Bitcoin with Next-gen Liquid Staking,2025-05-30 17:56:28.085824,2025-05-30 17:56:28.306496,,,,,,,,,
31,Uniswap,uniswap,Cryptocurrency,Cryptocurrency,active,Ethereum,False,Decentralized,high,2020-09-17,0,True,Uniswap,UNI,Native,,,,,Token on Ethereum platform,2025-05-29 17:56:48.336050,2025-06-12 23:12:41.132063,0.0,0.0,446062858.00093865,0.0,0.0,,28.33484714,,
150,Uniswap V2,uniswap-v2,Dexs,DeFi,active,"Ethereum,Base,Arbitrum,Optimism,Polygon,Binance,Unichain,Avalanche,Zora,Celo",True,,high,,0,False,Uniswap V2,UNI,ERC-20,,https://uniswap.org/,Uniswap,,"A fully decentralized protocol for automated liquidity provision on Ethereum. V2
",2025-05-30 17:56:28.085824,2025-06-12 23:12:24.401114,,,,,,,,,
134,Uniswap V3,uniswap-v3,Dexs,DeFi,active,"Ethereum,Arbitrum,Base,Polygon,BOB,RSK,Binance,Optimism,Hemi,Avalanche,Celo,Corn,Saga,xDai,World Chain,Unichain,LightLink,zkSync Era,Filecoin,Sonic,Lisk,Goat,Sei,Telos,Scroll,Boba,Lens,XDC,Taiko,Linea,Nibiru,Mantle,Blast,Moonbeam,Manta,Polygon zkEVM",True,,high,,0,False,Uniswap V3,UNI,ERC-20,,https://uniswap.org/,Uniswap,,"A fully decentralized protocol for automated liquidity provision on Ethereum. V2
",2025-05-30 17:56:28.085824,2025-06-12 23:12:24.401114,,,,,,,,,
182,Uniswap V4,uniswap-v4,Dexs,DeFi,active,"Unichain,Ethereum,Arbitrum,Base,Binance,Polygon,Optimism,Soneium,Avalanche,World Chain,Zora,Blast,Ink",True,,medium,,0,False,Uniswap V4,UNI,ERC-20,,https://uniswap.org/,Uniswap,,"Uniswap v4 inherits all of the capital efficiency gains of Uniswap v3, but provides flexibility via hooks and gas optimizations across the entire lifecycle",2025-05-30 17:56:28.085824,2025-06-12 23:12:24.401114,,,,,,,,,
455,UNUS SED LEO,unus-sed-leo,Cryptocurrency,Cryptocurrency,active,Ethereum,False,Decentralized,high,2019-05-21,0,True,UNUS SED LEO,LEO,Native,,,,,Token on Ethereum platform,2025-06-12 23:12:41.132063,2025-06-12 23:12:41.190737,0.0,0.0,8782099.74316549,0.0,0.0,,1.69080565,,
445,USDC,usd-coin,Cryptocurrency,Cryptocurrency,active,Ethereum,False,Decentralized,high,2018-10-08,0,True,USDC,USDC,Native,,,,,Token on Ethereum platform,2025-06-12 23:12:41.132063,2025-06-12 23:12:41.160816,0.0,0.0,10971272420.454603,0.0,0.0,,-0.01638799,,
159,USDT0,usdt0,Bridge,DeFi,active,Ethereum,False,,medium,,0,False,USDT0,-,ERC-20,,https://usdt0.to,USDT0_to,,USDT0 is a one stop solution for Tether’s Interoperability and Expansion.,2025-05-30 17:56:28.085824,2025-06-12 23:12:24.401114,,,,,,,,,
482,VeChain,vechain,Cryptocurrency,Cryptocurrency,active,Bitcoin,False,Decentralized,high,2017-08-22,0,True,VeChain,VET,Native,,,,,,2025-06-12 23:12:41.132063,2025-06-12 23:12:41.274961,0.0,0.0,45637115.93007264,0.0,0.0,,3.63237088,,
136,Veda,veda,Onchain Capital Allocator,DeFi,active,"Ethereum,Sonic,Berachain,Scroll,Base,Arbitrum,BOB,Binance",True,,medium,,0,False,Veda,-,ERC-20,,https://veda.tech,veda_labs,,"Veda is the leading DeFi vault platform, enabling crypto applications, asset issuers, and protocols to build consumer-grade cross chain yield products. Veda's technology is powering many of DeFi's largest vault products, including ether.fi Liquid, Lombard DeFi Vault, and Mantle cmETH",2025-05-30 17:56:28.085824,2025-06-12 23:12:24.401114,,,,,,,,,
147,Venus Core Pool,venus-core-pool,Lending,DeFi,active,"Binance,Ethereum,Unichain,zkSync Era,Arbitrum,Base,Optimism,Op_Bnb",True,,high,,0,False,Venus Core Pool,XVS,ERC-20,,https://app.venus.io/#/core-pool,VenusProtocol,,A Decentralized Marketplace for Lenders and Borrowers with Borderless Stablecoins.,2025-05-30 17:56:28.085824,2025-06-12 23:12:24.401114,,,,,,,,,
8,WBTC,wbtc,Bridge,DeFi,active,Bitcoin,False,,medium,,0,False,WBTC,-,ERC-20,,https://wbtc.network/,WrappedBTC,,"Wrapped Bitcoin (WBTC) is the first ERC20 token backed 1:1 with Bitcoin.
Completely transparent. 100% verifiable. Community led.",2025-05-29 17:56:43.525906,2025-06-12 23:12:24.401114,,,,,,,,,
480,World Liberty Financial USD,usd1,Cryptocurrency,Cryptocurrency,active,Ethereum,False,Decentralized,high,2025-04-13,0,True,World Liberty Financial USD,USD1,Native,,,,,Token on Ethereum platform,2025-06-12 23:12:41.132063,2025-06-12 23:12:41.270161,0.0,0.0,629160852.7387227,0.0,0.0,,0.02756895,,
442,XRP,xrp,Cryptocurrency,Cryptocurrency,active,Bitcoin,False,Decentralized,high,2013-08-04,0,True,XRP,XRP,Native,,,,,,2025-06-12 23:12:41.132063,2025-06-12 23:12:41.148332,0.0,0.0,2523053307.5231605,0.0,0.0,,4.1536505,,
33,Yearn Finance,yearn,DAO,DeFi,active,"Ethereum,Fantom,Arbitrum",True,Decentralized,high,2020-02-01,0,False,Yearn Finance,YFI,ERC-20,DAO,,,,,2025-05-29 17:56:48.336050,2025-06-12 23:12:29.464327,420000000.0,3500.0,,,,,,,Management Fee:0.02
176,Zircuit Staking,zircuit-staking,Farm,DeFi,active,"Zircuit,Ethereum",True,,medium,,0,False,Zircuit Staking,-,ERC-20,,https://stake.zircuit.com/,ZircuitL2,,"The Zircuit staking is designed to reward participating users and communities that help bootstrap native, day-one liquidity to Zircuit. Zircuit is a modular zk rollup with AI-enabled security at the sequencer level",2025-05-30 17:56:28.085824,2025-06-12 23:12:24.401114,,,,,,,,,
